file,line,class,member,kind,symbol,text,new_symbol
tesisproject.backend/Repositories/Implementations/ConvocationRepository.cs,14,ConvocationRepository,(namespace/import),type,tesisproject.backend.Repositories.Implementations.GenericRepository<tesisproject.shared.Entities.Core.Convocation>,GenericRepository<Convocation>,tesisproject.backend.Repositories.Implementations.GenericRepository<tesisproject.backend.Data.UnifiedEntities.Core.Convocation>
tesisproject.backend/Repositories/Implementations/ConvocationRepository.cs,14,ConvocationRepository,(namespace/import),type,tesisproject.shared.Entities.Core.Convocation,Convocation,tesisproject.backend.Data.UnifiedEntities.Core.Convocation
tesisproject.backend/Repositories/Implementations/ConvocationRepository.cs,16,ConvocationRepository,ConvocationRepository,type,tesisproject.backend.Data.AppDbContext,AppDbContext,tesisproject.backend.Data.UnifiedDideDbContext
tesisproject.backend/Repositories/Implementations/ConvocationRepository.cs,25,ConvocationRepository,GetByIdAsync,type,System.Threading.Tasks.Task<tesisproject.shared.Entities.Core.Convocation?>,Task<Convocation?>,System.Threading.Tasks.Task<tesisproject.backend.Data.UnifiedEntities.Core.Convocation?>
tesisproject.backend/Repositories/Implementations/ConvocationRepository.cs,25,ConvocationRepository,GetByIdAsync,type,tesisproject.shared.Entities.Core.Convocation,Convocation,tesisproject.backend.Data.UnifiedEntities.Core.Convocation
tesisproject.backend/Repositories/Implementations/ConvocationRepository.cs,27,ConvocationRepository,GetByIdAsync,type,System.Linq.IQueryable<tesisproject.shared.Entities.Core.Convocation>,IQueryable<Convocation>,System.Linq.IQueryable<tesisproject.backend.Data.UnifiedEntities.Core.Convocation>
tesisproject.backend/Repositories/Implementations/ConvocationRepository.cs,27,ConvocationRepository,GetByIdAsync,type,tesisproject.shared.Entities.Core.Convocation,Convocation,tesisproject.backend.Data.UnifiedEntities.Core.Convocation
tesisproject.backend/Repositories/Implementations/ConvocationRepository.cs,43,ConvocationRepository,GetActiveAsync,type,System.Threading.Tasks.Task<tesisproject.shared.Entities.Core.Convocation?>,Task<Convocation?>,System.Threading.Tasks.Task<tesisproject.backend.Data.UnifiedEntities.Core.Convocation?>
tesisproject.backend/Repositories/Implementations/ConvocationRepository.cs,43,ConvocationRepository,GetActiveAsync,type,tesisproject.shared.Entities.Core.Convocation,Convocation,tesisproject.backend.Data.UnifiedEntities.Core.Convocation
tesisproject.backend/Repositories/Implementations/ConvocationRepository.cs,59,ConvocationRepository,SetActiveExclusiveAsync,type,System.Collections.Generic.List<tesisproject.shared.Entities.Core.Convocation>,var,System.Collections.Generic.List<tesisproject.backend.Data.UnifiedEntities.Core.Convocation>
tesisproject.backend/Repositories/Implementations/ConvocationRepository.cs,63,ConvocationRepository,SetActiveExclusiveAsync,type,tesisproject.shared.Entities.Core.Convocation,var,tesisproject.backend.Data.UnifiedEntities.Core.Convocation
tesisproject.backend/Repositories/Implementations/ConvocationRepository.cs,73,ConvocationRepository,SearchAsync,type,System.Threading.Tasks.Task<System.Collections.Generic.List<tesisproject.shared.Entities.Core.Convocation>>,Task<List<Convocation>>,System.Threading.Tasks.Task<System.Collections.Generic.List<tesisproject.backend.Data.UnifiedEntities.Core.Convocation>>
tesisproject.backend/Repositories/Implementations/ConvocationRepository.cs,73,ConvocationRepository,SearchAsync,type,System.Collections.Generic.List<tesisproject.shared.Entities.Core.Convocation>,List<Convocation>,System.Collections.Generic.List<tesisproject.backend.Data.UnifiedEntities.Core.Convocation>
tesisproject.backend/Repositories/Implementations/ConvocationRepository.cs,73,ConvocationRepository,SearchAsync,type,tesisproject.shared.Entities.Core.Convocation,Convocation,tesisproject.backend.Data.UnifiedEntities.Core.Convocation
tesisproject.backend/Repositories/Implementations/ConvocationRepository.cs,75,ConvocationRepository,SearchAsync,type,System.Linq.IQueryable<tesisproject.shared.Entities.Core.Convocation>,var,System.Linq.IQueryable<tesisproject.backend.Data.UnifiedEntities.Core.Convocation>
tesisproject.backend/Repositories/Implementations/ConvocationRepository.cs,78,ConvocationRepository,SearchAsync,property,tesisproject.shared.Entities.Core.Convocation.Code,Code,tesisproject.backend.Data.UnifiedEntities.Core.Convocation.Code
tesisproject.backend/Repositories/Implementations/ConvocationRepository.cs,78,ConvocationRepository,SearchAsync,property,tesisproject.shared.Entities.Core.Convocation.Code,Code,tesisproject.backend.Data.UnifiedEntities.Core.Convocation.Code
tesisproject.backend/Repositories/Implementations/ConvocationRepository.cs,91,ConvocationRepository,GetPagedAsync,type,"System.Threading.Tasks.Task<(System.Collections.Generic.List<tesisproject.shared.Entities.Core.Convocation> items, int total)>","Task<(List<Convocation> items, int total)>","System.Threading.Tasks.Task<(System.Collections.Generic.List<tesisproject.backend.Data.UnifiedEntities.Core.Convocation> items, int total)>"
tesisproject.backend/Repositories/Implementations/ConvocationRepository.cs,91,ConvocationRepository,GetPagedAsync,type,System.Collections.Generic.List<tesisproject.shared.Entities.Core.Convocation>,List<Convocation>,System.Collections.Generic.List<tesisproject.backend.Data.UnifiedEntities.Core.Convocation>
tesisproject.backend/Repositories/Implementations/ConvocationRepository.cs,91,ConvocationRepository,GetPagedAsync,type,tesisproject.shared.Entities.Core.Convocation,Convocation,tesisproject.backend.Data.UnifiedEntities.Core.Convocation
tesisproject.backend/Repositories/Implementations/ConvocationRepository.cs,104,ConvocationRepository,GetPagedAsync,type,System.Linq.IQueryable<tesisproject.shared.Entities.Core.Convocation>,var,System.Linq.IQueryable<tesisproject.backend.Data.UnifiedEntities.Core.Convocation>
tesisproject.backend/Repositories/Implementations/ConvocationRepository.cs,107,ConvocationRepository,GetPagedAsync,property,tesisproject.shared.Entities.Core.Convocation.Code,Code,tesisproject.backend.Data.UnifiedEntities.Core.Convocation.Code
tesisproject.backend/Repositories/Implementations/ConvocationRepository.cs,107,ConvocationRepository,GetPagedAsync,property,tesisproject.shared.Entities.Core.Convocation.Code,Code,tesisproject.backend.Data.UnifiedEntities.Core.Convocation.Code
tesisproject.backend/Repositories/Implementations/ConvocationRepository.cs,111,ConvocationRepository,GetPagedAsync,type,System.Collections.Generic.List<tesisproject.shared.Entities.Core.Convocation>,var,System.Collections.Generic.List<tesisproject.backend.Data.UnifiedEntities.Core.Convocation>
tesisproject.backend/Repositories/Implementations/ConvocationRepository.cs,124,ConvocationRepository,AddRuleAsync,type,tesisproject.shared.Entities.Core.ConvocationRule,ConvocationRule,tesisproject.backend.Data.UnifiedEntities.Core.ConvocationRule
tesisproject.backend/Repositories/Implementations/ConvocationRepository.cs,126,ConvocationRepository,AddRuleAsync,type,tesisproject.shared.Entities.Core.Convocation,var,tesisproject.backend.Data.UnifiedEntities.Core.Convocation
tesisproject.backend/Repositories/Implementations/ConvocationRepository.cs,131,ConvocationRepository,AddRuleAsync,type,System.Collections.Generic.List<tesisproject.shared.Entities.Core.ConvocationRule>,List<ConvocationRule>,System.Collections.Generic.List<tesisproject.backend.Data.UnifiedEntities.Core.ConvocationRule>
tesisproject.backend/Repositories/Implementations/ConvocationRepository.cs,131,ConvocationRepository,AddRuleAsync,type,tesisproject.shared.Entities.Core.ConvocationRule,ConvocationRule,tesisproject.backend.Data.UnifiedEntities.Core.ConvocationRule
tesisproject.backend/Repositories/Implementations/ConvocationRepository.cs,136,ConvocationRepository,UpdateRuleAsync,type,tesisproject.shared.Entities.Core.ConvocationRule,ConvocationRule,tesisproject.backend.Data.UnifiedEntities.Core.ConvocationRule
tesisproject.backend/Repositories/Implementations/ConvocationRepository.cs,138,ConvocationRepository,UpdateRuleAsync,type,tesisproject.shared.Entities.Core.ConvocationRule,var,tesisproject.backend.Data.UnifiedEntities.Core.ConvocationRule
tesisproject.backend/Repositories/Implementations/ConvocationRepository.cs,138,ConvocationRepository,UpdateRuleAsync,type,tesisproject.shared.Entities.Core.ConvocationRule,ConvocationRule,tesisproject.backend.Data.UnifiedEntities.Core.ConvocationRule
tesisproject.backend/Repositories/Implementations/ConvocationRepository.cs,148,ConvocationRepository,RemoveRuleAsync,type,tesisproject.shared.Entities.Core.ConvocationRule,var,tesisproject.backend.Data.UnifiedEntities.Core.ConvocationRule
tesisproject.backend/Repositories/Implementations/ConvocationRepository.cs,148,ConvocationRepository,RemoveRuleAsync,type,tesisproject.shared.Entities.Core.ConvocationRule,ConvocationRule,tesisproject.backend.Data.UnifiedEntities.Core.ConvocationRule
tesisproject.backend/Repositories/Implementations/ConvocationRepository.cs,161,ConvocationRepository,SetRuleAllowedIndexingsAsync,type,Microsoft.EntityFrameworkCore.DbSet<tesisproject.shared.Entities.Core.ConvocationRuleIndexing>,var,Microsoft.EntityFrameworkCore.DbSet<tesisproject.backend.Data.UnifiedEntities.Core.ConvocationRuleIndexing>
tesisproject.backend/Repositories/Implementations/ConvocationRepository.cs,161,ConvocationRepository,SetRuleAllowedIndexingsAsync,type,tesisproject.shared.Entities.Core.ConvocationRuleIndexing,ConvocationRuleIndexing,tesisproject.backend.Data.UnifiedEntities.Core.ConvocationRuleIndexing
tesisproject.backend/Repositories/Implementations/ConvocationRepository.cs,163,ConvocationRepository,SetRuleAllowedIndexingsAsync,type,System.Collections.Generic.List<tesisproject.shared.Entities.Core.ConvocationRuleIndexing>,var,System.Collections.Generic.List<tesisproject.backend.Data.UnifiedEntities.Core.ConvocationRuleIndexing>
tesisproject.backend/Repositories/Implementations/ConvocationRepository.cs,169,ConvocationRepository,SetRuleAllowedIndexingsAsync,type,System.Collections.Generic.List<tesisproject.shared.Entities.Core.ConvocationRuleIndexing>,var,System.Collections.Generic.List<tesisproject.backend.Data.UnifiedEntities.Core.ConvocationRuleIndexing>
tesisproject.backend/Repositories/Implementations/ConvocationRepository.cs,173,ConvocationRepository,SetRuleAllowedIndexingsAsync,type,System.Collections.Generic.List<tesisproject.shared.Entities.Core.ConvocationRuleIndexing>,var,System.Collections.Generic.List<tesisproject.backend.Data.UnifiedEntities.Core.ConvocationRuleIndexing>
tesisproject.backend/Repositories/Implementations/ConvocationRepository.cs,175,ConvocationRepository,SetRuleAllowedIndexingsAsync,type,tesisproject.shared.Entities.Core.ConvocationRuleIndexing,ConvocationRuleIndexing,tesisproject.backend.Data.UnifiedEntities.Core.ConvocationRuleIndexing
tesisproject.backend/Repositories/Implementations/ExportFieldRepository.cs,4,(file),(namespace/import),namespace,tesisproject.shared.Entities.Export,using tesisproject.shared.Entities.Export;,tesisproject.backend.Data.UnifiedEntities.Export
tesisproject.backend/Repositories/Implementations/ExportFieldRepository.cs,10,ExportFieldRepository,_db,type,tesisproject.backend.Data.AppDbContext,AppDbContext,tesisproject.backend.Data.UnifiedDideDbContext
tesisproject.backend/Repositories/Implementations/ExportFieldRepository.cs,12,ExportFieldRepository,ExportFieldRepository,type,tesisproject.backend.Data.AppDbContext,AppDbContext,tesisproject.backend.Data.UnifiedDideDbContext
tesisproject.backend/Repositories/Implementations/ExportFieldRepository.cs,17,ExportFieldRepository,ListAsync,type,System.Threading.Tasks.Task<System.Collections.Generic.IReadOnlyList<tesisproject.shared.Entities.Export.ExportField>>,Task<IReadOnlyList<ExportField>>,System.Threading.Tasks.Task<System.Collections.Generic.IReadOnlyList<tesisproject.backend.Data.UnifiedEntities.Export.ExportField>>
tesisproject.backend/Repositories/Implementations/ExportFieldRepository.cs,17,ExportFieldRepository,ListAsync,type,System.Collections.Generic.IReadOnlyList<tesisproject.shared.Entities.Export.ExportField>,IReadOnlyList<ExportField>,System.Collections.Generic.IReadOnlyList<tesisproject.backend.Data.UnifiedEntities.Export.ExportField>
tesisproject.backend/Repositories/Implementations/ExportFieldRepository.cs,17,ExportFieldRepository,ListAsync,type,tesisproject.shared.Entities.Export.ExportField,ExportField,tesisproject.backend.Data.UnifiedEntities.Export.ExportField
tesisproject.backend/Repositories/Implementations/ExportFieldRepository.cs,25,ExportFieldRepository,GetByIdAsync,type,System.Threading.Tasks.Task<tesisproject.shared.Entities.Export.ExportField?>,Task<ExportField?>,System.Threading.Tasks.Task<tesisproject.backend.Data.UnifiedEntities.Export.ExportField?>
tesisproject.backend/Repositories/Implementations/ExportFieldRepository.cs,25,ExportFieldRepository,GetByIdAsync,type,tesisproject.shared.Entities.Export.ExportField,ExportField,tesisproject.backend.Data.UnifiedEntities.Export.ExportField
tesisproject.backend/Repositories/Implementations/ExportFieldRepository.cs,31,ExportFieldRepository,GetByKeyAsync,type,System.Threading.Tasks.Task<tesisproject.shared.Entities.Export.ExportField?>,Task<ExportField?>,System.Threading.Tasks.Task<tesisproject.backend.Data.UnifiedEntities.Export.ExportField?>
tesisproject.backend/Repositories/Implementations/ExportFieldRepository.cs,31,ExportFieldRepository,GetByKeyAsync,type,tesisproject.shared.Entities.Export.ExportField,ExportField,tesisproject.backend.Data.UnifiedEntities.Export.ExportField
tesisproject.backend/Repositories/Implementations/ExportFieldRepository.cs,37,ExportFieldRepository,AddAsync,type,tesisproject.shared.Entities.Export.ExportField,ExportField,tesisproject.backend.Data.UnifiedEntities.Export.ExportField
tesisproject.backend/Repositories/Implementations/ExportFieldRepository.cs,42,ExportFieldRepository,Update,type,tesisproject.shared.Entities.Export.ExportField,ExportField,tesisproject.backend.Data.UnifiedEntities.Export.ExportField
tesisproject.backend/Repositories/Implementations/ExportFieldRepository.cs,47,ExportFieldRepository,Remove,type,tesisproject.shared.Entities.Export.ExportField,ExportField,tesisproject.backend.Data.UnifiedEntities.Export.ExportField
tesisproject.backend/Repositories/Implementations/ExportTemplateColumnRepository.cs,4,(file),(namespace/import),namespace,tesisproject.shared.Entities.Export,using tesisproject.shared.Entities.Export;,tesisproject.backend.Data.UnifiedEntities.Export
tesisproject.backend/Repositories/Implementations/ExportTemplateColumnRepository.cs,10,ExportTemplateColumnRepository,_db,type,tesisproject.backend.Data.AppDbContext,AppDbContext,tesisproject.backend.Data.UnifiedDideDbContext
tesisproject.backend/Repositories/Implementations/ExportTemplateColumnRepository.cs,12,ExportTemplateColumnRepository,ExportTemplateColumnRepository,type,tesisproject.backend.Data.AppDbContext,AppDbContext,tesisproject.backend.Data.UnifiedDideDbContext
tesisproject.backend/Repositories/Implementations/ExportTemplateColumnRepository.cs,17,ExportTemplateColumnRepository,ListByTemplateIdAsync,type,System.Threading.Tasks.Task<System.Collections.Generic.IReadOnlyList<tesisproject.shared.Entities.Export.ExportTemplateColumn>>,Task<IReadOnlyList<ExportTemplateColumn>>,System.Threading.Tasks.Task<System.Collections.Generic.IReadOnlyList<tesisproject.backend.Data.UnifiedEntities.Export.ExportTemplateColumn>>
tesisproject.backend/Repositories/Implementations/ExportTemplateColumnRepository.cs,17,ExportTemplateColumnRepository,ListByTemplateIdAsync,type,System.Collections.Generic.IReadOnlyList<tesisproject.shared.Entities.Export.ExportTemplateColumn>,IReadOnlyList<ExportTemplateColumn>,System.Collections.Generic.IReadOnlyList<tesisproject.backend.Data.UnifiedEntities.Export.ExportTemplateColumn>
tesisproject.backend/Repositories/Implementations/ExportTemplateColumnRepository.cs,17,ExportTemplateColumnRepository,ListByTemplateIdAsync,type,tesisproject.shared.Entities.Export.ExportTemplateColumn,ExportTemplateColumn,tesisproject.backend.Data.UnifiedEntities.Export.ExportTemplateColumn
tesisproject.backend/Repositories/Implementations/ExportTemplateColumnRepository.cs,28,ExportTemplateColumnRepository,AddRangeAsync,type,System.Collections.Generic.IEnumerable<tesisproject.shared.Entities.Export.ExportTemplateColumn>,IEnumerable<ExportTemplateColumn>,System.Collections.Generic.IEnumerable<tesisproject.backend.Data.UnifiedEntities.Export.ExportTemplateColumn>
tesisproject.backend/Repositories/Implementations/ExportTemplateColumnRepository.cs,28,ExportTemplateColumnRepository,AddRangeAsync,type,tesisproject.shared.Entities.Export.ExportTemplateColumn,ExportTemplateColumn,tesisproject.backend.Data.UnifiedEntities.Export.ExportTemplateColumn
tesisproject.backend/Repositories/Implementations/ExportTemplateColumnRepository.cs,34,ExportTemplateColumnRepository,RemoveRange,type,System.Collections.Generic.IEnumerable<tesisproject.shared.Entities.Export.ExportTemplateColumn>,IEnumerable<ExportTemplateColumn>,System.Collections.Generic.IEnumerable<tesisproject.backend.Data.UnifiedEntities.Export.ExportTemplateColumn>
tesisproject.backend/Repositories/Implementations/ExportTemplateColumnRepository.cs,34,ExportTemplateColumnRepository,RemoveRange,type,tesisproject.shared.Entities.Export.ExportTemplateColumn,ExportTemplateColumn,tesisproject.backend.Data.UnifiedEntities.Export.ExportTemplateColumn
tesisproject.backend/Repositories/Implementations/ExportTemplateRepository.cs,4,(file),(namespace/import),namespace,tesisproject.shared.Entities.Export,using tesisproject.shared.Entities.Export;,tesisproject.backend.Data.UnifiedEntities.Export
tesisproject.backend/Repositories/Implementations/ExportTemplateRepository.cs,10,ExportTemplateRepository,_db,type,tesisproject.backend.Data.AppDbContext,AppDbContext,tesisproject.backend.Data.UnifiedDideDbContext
tesisproject.backend/Repositories/Implementations/ExportTemplateRepository.cs,12,ExportTemplateRepository,ExportTemplateRepository,type,tesisproject.backend.Data.AppDbContext,AppDbContext,tesisproject.backend.Data.UnifiedDideDbContext
tesisproject.backend/Repositories/Implementations/ExportTemplateRepository.cs,17,ExportTemplateRepository,ListAsync,type,System.Threading.Tasks.Task<System.Collections.Generic.IReadOnlyList<tesisproject.shared.Entities.Export.ExportTemplate>>,Task<IReadOnlyList<ExportTemplate>>,System.Threading.Tasks.Task<System.Collections.Generic.IReadOnlyList<tesisproject.backend.Data.UnifiedEntities.Export.ExportTemplate>>
tesisproject.backend/Repositories/Implementations/ExportTemplateRepository.cs,17,ExportTemplateRepository,ListAsync,type,System.Collections.Generic.IReadOnlyList<tesisproject.shared.Entities.Export.ExportTemplate>,IReadOnlyList<ExportTemplate>,System.Collections.Generic.IReadOnlyList<tesisproject.backend.Data.UnifiedEntities.Export.ExportTemplate>
tesisproject.backend/Repositories/Implementations/ExportTemplateRepository.cs,17,ExportTemplateRepository,ListAsync,type,tesisproject.shared.Entities.Export.ExportTemplate,ExportTemplate,tesisproject.backend.Data.UnifiedEntities.Export.ExportTemplate
tesisproject.backend/Repositories/Implementations/ExportTemplateRepository.cs,25,ExportTemplateRepository,GetDetailByIdAsync,type,System.Threading.Tasks.Task<tesisproject.shared.Entities.Export.ExportTemplate?>,Task<ExportTemplate?>,System.Threading.Tasks.Task<tesisproject.backend.Data.UnifiedEntities.Export.ExportTemplate?>
tesisproject.backend/Repositories/Implementations/ExportTemplateRepository.cs,25,ExportTemplateRepository,GetDetailByIdAsync,type,tesisproject.shared.Entities.Export.ExportTemplate,ExportTemplate,tesisproject.backend.Data.UnifiedEntities.Export.ExportTemplate
tesisproject.backend/Repositories/Implementations/ExportTemplateRepository.cs,33,ExportTemplateRepository,GetByKeyAsync,type,System.Threading.Tasks.Task<tesisproject.shared.Entities.Export.ExportTemplate?>,Task<ExportTemplate?>,System.Threading.Tasks.Task<tesisproject.backend.Data.UnifiedEntities.Export.ExportTemplate?>
tesisproject.backend/Repositories/Implementations/ExportTemplateRepository.cs,33,ExportTemplateRepository,GetByKeyAsync,type,tesisproject.shared.Entities.Export.ExportTemplate,ExportTemplate,tesisproject.backend.Data.UnifiedEntities.Export.ExportTemplate
tesisproject.backend/Repositories/Implementations/ExportTemplateRepository.cs,39,ExportTemplateRepository,AddAsync,type,tesisproject.shared.Entities.Export.ExportTemplate,ExportTemplate,tesisproject.backend.Data.UnifiedEntities.Export.ExportTemplate
tesisproject.backend/Repositories/Implementations/ExportTemplateRepository.cs,44,ExportTemplateRepository,Update,type,tesisproject.shared.Entities.Export.ExportTemplate,ExportTemplate,tesisproject.backend.Data.UnifiedEntities.Export.ExportTemplate
tesisproject.backend/Repositories/Implementations/ExportTemplateRepository.cs,49,ExportTemplateRepository,Remove,type,tesisproject.shared.Entities.Export.ExportTemplate,ExportTemplate,tesisproject.backend.Data.UnifiedEntities.Export.ExportTemplate
tesisproject.backend/Repositories/Implementations/ObjectiveActivityUserRepository.cs,9,ObjectiveActivityUserRepository,(namespace/import),type,tesisproject.backend.Repositories.Implementations.GenericRepository<tesisproject.shared.Entities.Core.ObjectiveActivityUser>,GenericRepository<ObjectiveActivityUser>,tesisproject.backend.Repositories.Implementations.GenericRepository<tesisproject.backend.Data.UnifiedEntities.Core.ObjectiveActivityUser>
tesisproject.backend/Repositories/Implementations/ObjectiveActivityUserRepository.cs,9,ObjectiveActivityUserRepository,(namespace/import),type,tesisproject.shared.Entities.Core.ObjectiveActivityUser,ObjectiveActivityUser,tesisproject.backend.Data.UnifiedEntities.Core.ObjectiveActivityUser
tesisproject.backend/Repositories/Implementations/ObjectiveActivityUserRepository.cs,11,ObjectiveActivityUserRepository,ObjectiveActivityUserRepository,type,tesisproject.backend.Data.AppDbContext,AppDbContext,tesisproject.backend.Data.UnifiedDideDbContext
tesisproject.backend/Repositories/Implementations/ObjectiveActivityUserRepository.cs,13,ObjectiveActivityUserRepository,GetByActivityAsync,type,System.Threading.Tasks.Task<System.Collections.Generic.List<tesisproject.shared.Entities.Core.ObjectiveActivityUser>>,Task<List<ObjectiveActivityUser>>,System.Threading.Tasks.Task<System.Collections.Generic.List<tesisproject.backend.Data.UnifiedEntities.Core.ObjectiveActivityUser>>
tesisproject.backend/Repositories/Implementations/ObjectiveActivityUserRepository.cs,13,ObjectiveActivityUserRepository,GetByActivityAsync,type,System.Collections.Generic.List<tesisproject.shared.Entities.Core.ObjectiveActivityUser>,List<ObjectiveActivityUser>,System.Collections.Generic.List<tesisproject.backend.Data.UnifiedEntities.Core.ObjectiveActivityUser>
tesisproject.backend/Repositories/Implementations/ObjectiveActivityUserRepository.cs,13,ObjectiveActivityUserRepository,GetByActivityAsync,type,tesisproject.shared.Entities.Core.ObjectiveActivityUser,ObjectiveActivityUser,tesisproject.backend.Data.UnifiedEntities.Core.ObjectiveActivityUser
tesisproject.backend/Repositories/Implementations/ObjectiveActivityUserRepository.cs,17,ObjectiveActivityUserRepository,GetByActivityAsync,type,tesisproject.shared.Entities.Core.ObjectiveActivityUser,ObjectiveActivityUser,tesisproject.backend.Data.UnifiedEntities.Core.ObjectiveActivityUser
tesisproject.backend/Repositories/Implementations/ObjectiveActivityUserRepository.cs,31,ObjectiveActivityUserRepository,ExistsAssignmentAsync,type,tesisproject.shared.Entities.Core.ObjectiveActivityUser,ObjectiveActivityUser,tesisproject.backend.Data.UnifiedEntities.Core.ObjectiveActivityUser
tesisproject.backend/Repositories/Implementations/ObjectiveActivityUserRepository.cs,34,ObjectiveActivityUserRepository,ExistsAssignmentAsync,property,tesisproject.shared.Entities.Core.ObjectiveActivityUser.UserId,UserId,tesisproject.backend.Data.UnifiedEntities.Core.ObjectiveActivityUser.UserId
tesisproject.backend/Repositories/Implementations/ObjectiveActivityUserRepository.cs,39,ObjectiveActivityUserRepository,QueryWithRefs,type,System.Linq.IQueryable<tesisproject.shared.Entities.Core.ObjectiveActivityUser>,IQueryable<ObjectiveActivityUser>,System.Linq.IQueryable<tesisproject.backend.Data.UnifiedEntities.Core.ObjectiveActivityUser>
tesisproject.backend/Repositories/Implementations/ObjectiveActivityUserRepository.cs,39,ObjectiveActivityUserRepository,QueryWithRefs,type,tesisproject.shared.Entities.Core.ObjectiveActivityUser,ObjectiveActivityUser,tesisproject.backend.Data.UnifiedEntities.Core.ObjectiveActivityUser
tesisproject.backend/Repositories/Implementations/ObjectiveActivityUserRepository.cs,41,ObjectiveActivityUserRepository,QueryWithRefs,type,"Microsoft.EntityFrameworkCore.Query.IIncludableQueryable<tesisproject.shared.Entities.Core.ObjectiveActivityUser, tesisproject.shared.Entities.Core.Visit>",var,"Microsoft.EntityFrameworkCore.Query.IIncludableQueryable<tesisproject.backend.Data.UnifiedEntities.Core.ObjectiveActivityUser, tesisproject.backend.Data.UnifiedEntities.Core.Visit>"
tesisproject.backend/Repositories/Implementations/ObjectiveActivityUserRepository.cs,41,ObjectiveActivityUserRepository,QueryWithRefs,type,tesisproject.shared.Entities.Core.ObjectiveActivityUser,ObjectiveActivityUser,tesisproject.backend.Data.UnifiedEntities.Core.ObjectiveActivityUser
tesisproject.backend/Repositories/Implementations/ProductAttributeDefinitionRepository.cs,9,ProductAttributeDefinitionRepository,(namespace/import),type,tesisproject.backend.Repositories.Implementations.GenericRepository<tesisproject.shared.Entities.Core.Products.ProductAttributeDefinition>,GenericRepository<ProductAttributeDefinition>,tesisproject.backend.Repositories.Implementations.GenericRepository<tesisproject.backend.Data.UnifiedEntities.Core.Products.ProductAttributeDefinition>
tesisproject.backend/Repositories/Implementations/ProductAttributeDefinitionRepository.cs,9,ProductAttributeDefinitionRepository,(namespace/import),type,tesisproject.shared.Entities.Core.Products.ProductAttributeDefinition,ProductAttributeDefinition,tesisproject.backend.Data.UnifiedEntities.Core.Products.ProductAttributeDefinition
tesisproject.backend/Repositories/Implementations/ProductAttributeDefinitionRepository.cs,11,ProductAttributeDefinitionRepository,_ctx,type,tesisproject.backend.Data.AppDbContext,AppDbContext,tesisproject.backend.Data.UnifiedDideDbContext
tesisproject.backend/Repositories/Implementations/ProductAttributeDefinitionRepository.cs,12,ProductAttributeDefinitionRepository,ProductAttributeDefinitionRepository,type,tesisproject.backend.Data.AppDbContext,AppDbContext,tesisproject.backend.Data.UnifiedDideDbContext
tesisproject.backend/Repositories/Implementations/ProductAttributeDefinitionRepository.cs,14,ProductAttributeDefinitionRepository,GetByTypeAsync,type,System.Threading.Tasks.Task<System.Collections.Generic.List<tesisproject.shared.Entities.Core.Products.ProductAttributeDefinition>>,Task<List<ProductAttributeDefinition>>,System.Threading.Tasks.Task<System.Collections.Generic.List<tesisproject.backend.Data.UnifiedEntities.Core.Products.ProductAttributeDefinition>>
tesisproject.backend/Repositories/Implementations/ProductAttributeDefinitionRepository.cs,14,ProductAttributeDefinitionRepository,GetByTypeAsync,type,System.Collections.Generic.List<tesisproject.shared.Entities.Core.Products.ProductAttributeDefinition>,List<ProductAttributeDefinition>,System.Collections.Generic.List<tesisproject.backend.Data.UnifiedEntities.Core.Products.ProductAttributeDefinition>
tesisproject.backend/Repositories/Implementations/ProductAttributeDefinitionRepository.cs,14,ProductAttributeDefinitionRepository,GetByTypeAsync,type,tesisproject.shared.Entities.Core.Products.ProductAttributeDefinition,ProductAttributeDefinition,tesisproject.backend.Data.UnifiedEntities.Core.Products.ProductAttributeDefinition
tesisproject.backend/Repositories/Implementations/ProductAttributeDefinitionRepository.cs,15,ProductAttributeDefinitionRepository,GetByTypeAsync,type,tesisproject.shared.Entities.Core.Products.ProductAttributeDefinition,ProductAttributeDefinition,tesisproject.backend.Data.UnifiedEntities.Core.Products.ProductAttributeDefinition
tesisproject.backend/Repositories/Implementations/ProductAttributeDefinitionRepository.cs,25,ProductAttributeDefinitionRepository,QueryByType,type,System.Linq.IQueryable<tesisproject.shared.Entities.Core.Products.ProductAttributeDefinition>,IQueryable<ProductAttributeDefinition>,System.Linq.IQueryable<tesisproject.backend.Data.UnifiedEntities.Core.Products.ProductAttributeDefinition>
tesisproject.backend/Repositories/Implementations/ProductAttributeDefinitionRepository.cs,25,ProductAttributeDefinitionRepository,QueryByType,type,tesisproject.shared.Entities.Core.Products.ProductAttributeDefinition,ProductAttributeDefinition,tesisproject.backend.Data.UnifiedEntities.Core.Products.ProductAttributeDefinition
tesisproject.backend/Repositories/Implementations/ProductAttributeDefinitionRepository.cs,27,ProductAttributeDefinitionRepository,QueryByType,type,System.Linq.IQueryable<tesisproject.shared.Entities.Core.Products.ProductAttributeDefinition>,var,System.Linq.IQueryable<tesisproject.backend.Data.UnifiedEntities.Core.Products.ProductAttributeDefinition>
tesisproject.backend/Repositories/Implementations/ProductAttributeDefinitionRepository.cs,27,ProductAttributeDefinitionRepository,QueryByType,type,tesisproject.shared.Entities.Core.Products.ProductAttributeDefinition,ProductAttributeDefinition,tesisproject.backend.Data.UnifiedEntities.Core.Products.ProductAttributeDefinition
tesisproject.backend/Repositories/Implementations/VisitIssueRepository.cs,8,VisitIssueRepository,(namespace/import),type,tesisproject.backend.Repositories.Implementations.GenericRepository<tesisproject.shared.Entities.Core.VisitIssue>,GenericRepository<VisitIssue>,tesisproject.backend.Repositories.Implementations.GenericRepository<tesisproject.backend.Data.UnifiedEntities.Core.VisitIssue>
tesisproject.backend/Repositories/Implementations/VisitIssueRepository.cs,8,VisitIssueRepository,(namespace/import),type,tesisproject.shared.Entities.Core.VisitIssue,VisitIssue,tesisproject.backend.Data.UnifiedEntities.Core.VisitIssue
tesisproject.backend/Repositories/Implementations/VisitIssueRepository.cs,10,VisitIssueRepository,VisitIssueRepository,type,tesisproject.backend.Data.AppDbContext,AppDbContext,tesisproject.backend.Data.UnifiedDideDbContext
tesisproject.backend/Repositories/Implementations/VisitIssueRepository.cs,12,VisitIssueRepository,GetByIdWithRefsAsync,type,System.Threading.Tasks.Task<tesisproject.shared.Entities.Core.VisitIssue?>,Task<VisitIssue?>,System.Threading.Tasks.Task<tesisproject.backend.Data.UnifiedEntities.Core.VisitIssue?>
tesisproject.backend/Repositories/Implementations/VisitIssueRepository.cs,12,VisitIssueRepository,GetByIdWithRefsAsync,type,tesisproject.shared.Entities.Core.VisitIssue,VisitIssue,tesisproject.backend.Data.UnifiedEntities.Core.VisitIssue
tesisproject.backend/Repositories/Implementations/VisitIssueRepository.cs,14,VisitIssueRepository,GetByIdWithRefsAsync,type,tesisproject.shared.Entities.Core.VisitIssue,VisitIssue,tesisproject.backend.Data.UnifiedEntities.Core.VisitIssue
tesisproject.backend/Repositories/Implementations/VisitIssueRepository.cs,20,VisitIssueRepository,GetByVisitAsync,type,System.Threading.Tasks.Task<System.Collections.Generic.List<tesisproject.shared.Entities.Core.VisitIssue>>,Task<List<VisitIssue>>,System.Threading.Tasks.Task<System.Collections.Generic.List<tesisproject.backend.Data.UnifiedEntities.Core.VisitIssue>>
tesisproject.backend/Repositories/Implementations/VisitIssueRepository.cs,20,VisitIssueRepository,GetByVisitAsync,type,System.Collections.Generic.List<tesisproject.shared.Entities.Core.VisitIssue>,List<VisitIssue>,System.Collections.Generic.List<tesisproject.backend.Data.UnifiedEntities.Core.VisitIssue>
tesisproject.backend/Repositories/Implementations/VisitIssueRepository.cs,20,VisitIssueRepository,GetByVisitAsync,type,tesisproject.shared.Entities.Core.VisitIssue,VisitIssue,tesisproject.backend.Data.UnifiedEntities.Core.VisitIssue
tesisproject.backend/Repositories/Implementations/VisitIssueRepository.cs,22,VisitIssueRepository,GetByVisitAsync,type,tesisproject.shared.Entities.Core.VisitIssue,VisitIssue,tesisproject.backend.Data.UnifiedEntities.Core.VisitIssue
tesisproject.backend/Repositories/Implementations/VisitIssueRepository.cs,29,VisitIssueRepository,QueryWithRefs,type,System.Linq.IQueryable<tesisproject.shared.Entities.Core.VisitIssue>,IQueryable<VisitIssue>,System.Linq.IQueryable<tesisproject.backend.Data.UnifiedEntities.Core.VisitIssue>
tesisproject.backend/Repositories/Implementations/VisitIssueRepository.cs,29,VisitIssueRepository,QueryWithRefs,type,tesisproject.shared.Entities.Core.VisitIssue,VisitIssue,tesisproject.backend.Data.UnifiedEntities.Core.VisitIssue
tesisproject.backend/Repositories/Implementations/VisitIssueRepository.cs,31,VisitIssueRepository,QueryWithRefs,type,"Microsoft.EntityFrameworkCore.Query.IIncludableQueryable<tesisproject.shared.Entities.Core.VisitIssue, tesisproject.shared.Entities.Core.Visit>",var,"Microsoft.EntityFrameworkCore.Query.IIncludableQueryable<tesisproject.backend.Data.UnifiedEntities.Core.VisitIssue, tesisproject.backend.Data.UnifiedEntities.Core.Visit>"
tesisproject.backend/Repositories/Implementations/VisitIssueRepository.cs,31,VisitIssueRepository,QueryWithRefs,type,tesisproject.shared.Entities.Core.VisitIssue,VisitIssue,tesisproject.backend.Data.UnifiedEntities.Core.VisitIssue
tesisproject.backend/Repositories/Implementations/VisitObjectiveActivityProgressRepository.cs,10,VisitObjectiveActivityProgressRepository,(namespace/import),type,tesisproject.backend.Repositories.Implementations.GenericRepository<tesisproject.shared.Entities.Core.VisitObjectiveActivityProgress>,GenericRepository<VisitObjectiveActivityProgress>,tesisproject.backend.Repositories.Implementations.GenericRepository<tesisproject.backend.Data.UnifiedEntities.Core.VisitObjectiveActivityProgress>
tesisproject.backend/Repositories/Implementations/VisitObjectiveActivityProgressRepository.cs,10,VisitObjectiveActivityProgressRepository,(namespace/import),type,tesisproject.shared.Entities.Core.VisitObjectiveActivityProgress,VisitObjectiveActivityProgress,tesisproject.backend.Data.UnifiedEntities.Core.VisitObjectiveActivityProgress
tesisproject.backend/Repositories/Implementations/VisitObjectiveActivityProgressRepository.cs,12,VisitObjectiveActivityProgressRepository,VisitObjectiveActivityProgressRepository,type,tesisproject.backend.Data.AppDbContext,AppDbContext,tesisproject.backend.Data.UnifiedDideDbContext
tesisproject.backend/Repositories/Implementations/VisitObjectiveActivityProgressRepository.cs,14,VisitObjectiveActivityProgressRepository,GetByVisitIdAsync,type,System.Threading.Tasks.Task<System.Collections.Generic.List<tesisproject.shared.Entities.Core.VisitObjectiveActivityProgress>>,Task<List<VisitObjectiveActivityProgress>>,System.Threading.Tasks.Task<System.Collections.Generic.List<tesisproject.backend.Data.UnifiedEntities.Core.VisitObjectiveActivityProgress>>
tesisproject.backend/Repositories/Implementations/VisitObjectiveActivityProgressRepository.cs,14,VisitObjectiveActivityProgressRepository,GetByVisitIdAsync,type,System.Collections.Generic.List<tesisproject.shared.Entities.Core.VisitObjectiveActivityProgress>,List<VisitObjectiveActivityProgress>,System.Collections.Generic.List<tesisproject.backend.Data.UnifiedEntities.Core.VisitObjectiveActivityProgress>
tesisproject.backend/Repositories/Implementations/VisitObjectiveActivityProgressRepository.cs,14,VisitObjectiveActivityProgressRepository,GetByVisitIdAsync,type,tesisproject.shared.Entities.Core.VisitObjectiveActivityProgress,VisitObjectiveActivityProgress,tesisproject.backend.Data.UnifiedEntities.Core.VisitObjectiveActivityProgress
tesisproject.backend/Repositories/Implementations/VisitObjectiveActivityProgressRepository.cs,16,VisitObjectiveActivityProgressRepository,GetByVisitIdAsync,type,tesisproject.shared.Entities.Core.VisitObjectiveActivityProgress,VisitObjectiveActivityProgress,tesisproject.backend.Data.UnifiedEntities.Core.VisitObjectiveActivityProgress
tesisproject.backend/Repositories/Implementations/VisitObjectiveActivityProgressRepository.cs,34,VisitObjectiveActivityProgressRepository,GetCumulativeProgressByProjectUpToVisitAndActivityIdsAsync,type,tesisproject.shared.Entities.Core.VisitObjectiveActivityProgress,VisitObjectiveActivityProgress,tesisproject.backend.Data.UnifiedEntities.Core.VisitObjectiveActivityProgress
tesisproject.backend/Repositories/Implementations/VisitObjectiveActivityProgressRepository.cs,36,VisitObjectiveActivityProgressRepository,GetCumulativeProgressByProjectUpToVisitAndActivityIdsAsync,property,tesisproject.shared.Entities.Core.Visit.ProjectId,ProjectId,tesisproject.backend.Data.UnifiedEntities.Core.Visit.ProjectId
tesisproject.backend/Repositories/Implementations/VisitObjectiveActivityProgressRepository.cs,69,VisitObjectiveActivityProgressRepository,GetProjectProgressByVisitAsync,type,tesisproject.shared.Entities.Core.VisitObjectiveActivityProgress,VisitObjectiveActivityProgress,tesisproject.backend.Data.UnifiedEntities.Core.VisitObjectiveActivityProgress
tesisproject.backend/Repositories/Implementations/VisitObjectiveActivityProgressRepository.cs,70,VisitObjectiveActivityProgressRepository,GetProjectProgressByVisitAsync,property,tesisproject.shared.Entities.Core.Visit.ProjectId,ProjectId,tesisproject.backend.Data.UnifiedEntities.Core.Visit.ProjectId
tesisproject.backend/Repositories/Implementations/VisitObjectiveActivityProgressRepository.cs,80,VisitObjectiveActivityProgressRepository,GetCurrentProjectProgressAsync,type,tesisproject.shared.Entities.Core.VisitObjectiveActivityProgress,VisitObjectiveActivityProgress,tesisproject.backend.Data.UnifiedEntities.Core.VisitObjectiveActivityProgress
tesisproject.backend/Repositories/Implementations/VisitObjectiveActivityProgressRepository.cs,81,VisitObjectiveActivityProgressRepository,GetCurrentProjectProgressAsync,property,tesisproject.shared.Entities.Core.Visit.ProjectId,ProjectId,tesisproject.backend.Data.UnifiedEntities.Core.Visit.ProjectId
tesisproject.backend/Repositories/Implementations/VisitObjectiveActivityProgressRepository.cs,101,VisitObjectiveActivityProgressRepository,GetLatestProgressByActivityIdsAsync,type,tesisproject.shared.Entities.Core.VisitObjectiveActivityProgress,VisitObjectiveActivityProgress,tesisproject.backend.Data.UnifiedEntities.Core.VisitObjectiveActivityProgress
tesisproject.backend/Repositories/Interfaces/IConvocationRepository.cs,12,IConvocationRepository,(namespace/import),type,tesisproject.backend.Repositories.Interfaces.IGenericRepository<tesisproject.shared.Entities.Core.Convocation>,IGenericRepository<Convocation>,tesisproject.backend.Repositories.Interfaces.IGenericRepository<tesisproject.backend.Data.UnifiedEntities.Core.Convocation>
tesisproject.backend/Repositories/Interfaces/IConvocationRepository.cs,12,IConvocationRepository,(namespace/import),type,tesisproject.shared.Entities.Core.Convocation,Convocation,tesisproject.backend.Data.UnifiedEntities.Core.Convocation
tesisproject.backend/Repositories/Interfaces/IConvocationRepository.cs,21,IConvocationRepository,GetByIdAsync,type,System.Threading.Tasks.Task<tesisproject.shared.Entities.Core.Convocation?>,Task<Convocation?>,System.Threading.Tasks.Task<tesisproject.backend.Data.UnifiedEntities.Core.Convocation?>
tesisproject.backend/Repositories/Interfaces/IConvocationRepository.cs,21,IConvocationRepository,GetByIdAsync,type,tesisproject.shared.Entities.Core.Convocation,Convocation,tesisproject.backend.Data.UnifiedEntities.Core.Convocation
tesisproject.backend/Repositories/Interfaces/IConvocationRepository.cs,26,IConvocationRepository,GetActiveAsync,type,System.Threading.Tasks.Task<tesisproject.shared.Entities.Core.Convocation?>,Task<Convocation?>,System.Threading.Tasks.Task<tesisproject.backend.Data.UnifiedEntities.Core.Convocation?>
tesisproject.backend/Repositories/Interfaces/IConvocationRepository.cs,26,IConvocationRepository,GetActiveAsync,type,tesisproject.shared.Entities.Core.Convocation,Convocation,tesisproject.backend.Data.UnifiedEntities.Core.Convocation
tesisproject.backend/Repositories/Interfaces/IConvocationRepository.cs,42,IConvocationRepository,SearchAsync,type,System.Threading.Tasks.Task<System.Collections.Generic.List<tesisproject.shared.Entities.Core.Convocation>>,Task<List<Convocation>>,System.Threading.Tasks.Task<System.Collections.Generic.List<tesisproject.backend.Data.UnifiedEntities.Core.Convocation>>
tesisproject.backend/Repositories/Interfaces/IConvocationRepository.cs,42,IConvocationRepository,SearchAsync,type,System.Collections.Generic.List<tesisproject.shared.Entities.Core.Convocation>,List<Convocation>,System.Collections.Generic.List<tesisproject.backend.Data.UnifiedEntities.Core.Convocation>
tesisproject.backend/Repositories/Interfaces/IConvocationRepository.cs,42,IConvocationRepository,SearchAsync,type,tesisproject.shared.Entities.Core.Convocation,Convocation,tesisproject.backend.Data.UnifiedEntities.Core.Convocation
tesisproject.backend/Repositories/Interfaces/IConvocationRepository.cs,47,IConvocationRepository,GetPagedAsync,type,"System.Threading.Tasks.Task<(System.Collections.Generic.List<tesisproject.shared.Entities.Core.Convocation> items, int total)>","Task<(List<Convocation> items, int total)>","System.Threading.Tasks.Task<(System.Collections.Generic.List<tesisproject.backend.Data.UnifiedEntities.Core.Convocation> items, int total)>"
tesisproject.backend/Repositories/Interfaces/IConvocationRepository.cs,47,IConvocationRepository,GetPagedAsync,type,System.Collections.Generic.List<tesisproject.shared.Entities.Core.Convocation>,List<Convocation>,System.Collections.Generic.List<tesisproject.backend.Data.UnifiedEntities.Core.Convocation>
tesisproject.backend/Repositories/Interfaces/IConvocationRepository.cs,47,IConvocationRepository,GetPagedAsync,type,tesisproject.shared.Entities.Core.Convocation,Convocation,tesisproject.backend.Data.UnifiedEntities.Core.Convocation
tesisproject.backend/Repositories/Interfaces/IConvocationRepository.cs,60,IConvocationRepository,AddRuleAsync,type,tesisproject.shared.Entities.Core.ConvocationRule,ConvocationRule,tesisproject.backend.Data.UnifiedEntities.Core.ConvocationRule
tesisproject.backend/Repositories/Interfaces/IConvocationRepository.cs,65,IConvocationRepository,UpdateRuleAsync,type,tesisproject.shared.Entities.Core.ConvocationRule,ConvocationRule,tesisproject.backend.Data.UnifiedEntities.Core.ConvocationRule
tesisproject.backend/Repositories/Interfaces/IExportFieldRepository.cs,1,(file),(namespace/import),namespace,tesisproject.shared.Entities.Export,using tesisproject.shared.Entities.Export;,tesisproject.backend.Data.UnifiedEntities.Export
tesisproject.backend/Repositories/Interfaces/IExportFieldRepository.cs,7,IExportFieldRepository,ListAsync,type,System.Threading.Tasks.Task<System.Collections.Generic.IReadOnlyList<tesisproject.shared.Entities.Export.ExportField>>,Task<IReadOnlyList<ExportField>>,System.Threading.Tasks.Task<System.Collections.Generic.IReadOnlyList<tesisproject.backend.Data.UnifiedEntities.Export.ExportField>>
tesisproject.backend/Repositories/Interfaces/IExportFieldRepository.cs,7,IExportFieldRepository,ListAsync,type,System.Collections.Generic.IReadOnlyList<tesisproject.shared.Entities.Export.ExportField>,IReadOnlyList<ExportField>,System.Collections.Generic.IReadOnlyList<tesisproject.backend.Data.UnifiedEntities.Export.ExportField>
tesisproject.backend/Repositories/Interfaces/IExportFieldRepository.cs,7,IExportFieldRepository,ListAsync,type,tesisproject.shared.Entities.Export.ExportField,ExportField,tesisproject.backend.Data.UnifiedEntities.Export.ExportField
tesisproject.backend/Repositories/Interfaces/IExportFieldRepository.cs,8,IExportFieldRepository,GetByIdAsync,type,System.Threading.Tasks.Task<tesisproject.shared.Entities.Export.ExportField?>,Task<ExportField?>,System.Threading.Tasks.Task<tesisproject.backend.Data.UnifiedEntities.Export.ExportField?>
tesisproject.backend/Repositories/Interfaces/IExportFieldRepository.cs,8,IExportFieldRepository,GetByIdAsync,type,tesisproject.shared.Entities.Export.ExportField,ExportField,tesisproject.backend.Data.UnifiedEntities.Export.ExportField
tesisproject.backend/Repositories/Interfaces/IExportFieldRepository.cs,9,IExportFieldRepository,GetByKeyAsync,type,System.Threading.Tasks.Task<tesisproject.shared.Entities.Export.ExportField?>,Task<ExportField?>,System.Threading.Tasks.Task<tesisproject.backend.Data.UnifiedEntities.Export.ExportField?>
tesisproject.backend/Repositories/Interfaces/IExportFieldRepository.cs,9,IExportFieldRepository,GetByKeyAsync,type,tesisproject.shared.Entities.Export.ExportField,ExportField,tesisproject.backend.Data.UnifiedEntities.Export.ExportField
tesisproject.backend/Repositories/Interfaces/IExportFieldRepository.cs,11,IExportFieldRepository,AddAsync,type,tesisproject.shared.Entities.Export.ExportField,ExportField,tesisproject.backend.Data.UnifiedEntities.Export.ExportField
tesisproject.backend/Repositories/Interfaces/IExportFieldRepository.cs,12,IExportFieldRepository,Update,type,tesisproject.shared.Entities.Export.ExportField,ExportField,tesisproject.backend.Data.UnifiedEntities.Export.ExportField
tesisproject.backend/Repositories/Interfaces/IExportFieldRepository.cs,13,IExportFieldRepository,Remove,type,tesisproject.shared.Entities.Export.ExportField,ExportField,tesisproject.backend.Data.UnifiedEntities.Export.ExportField
tesisproject.backend/Repositories/Interfaces/IExportTemplateColumnRepository.cs,1,(file),(namespace/import),namespace,tesisproject.shared.Entities.Export,using tesisproject.shared.Entities.Export;,tesisproject.backend.Data.UnifiedEntities.Export
tesisproject.backend/Repositories/Interfaces/IExportTemplateColumnRepository.cs,7,IExportTemplateColumnRepository,ListByTemplateIdAsync,type,System.Threading.Tasks.Task<System.Collections.Generic.IReadOnlyList<tesisproject.shared.Entities.Export.ExportTemplateColumn>>,Task<IReadOnlyList<ExportTemplateColumn>>,System.Threading.Tasks.Task<System.Collections.Generic.IReadOnlyList<tesisproject.backend.Data.UnifiedEntities.Export.ExportTemplateColumn>>
tesisproject.backend/Repositories/Interfaces/IExportTemplateColumnRepository.cs,7,IExportTemplateColumnRepository,ListByTemplateIdAsync,type,System.Collections.Generic.IReadOnlyList<tesisproject.shared.Entities.Export.ExportTemplateColumn>,IReadOnlyList<ExportTemplateColumn>,System.Collections.Generic.IReadOnlyList<tesisproject.backend.Data.UnifiedEntities.Export.ExportTemplateColumn>
tesisproject.backend/Repositories/Interfaces/IExportTemplateColumnRepository.cs,7,IExportTemplateColumnRepository,ListByTemplateIdAsync,type,tesisproject.shared.Entities.Export.ExportTemplateColumn,ExportTemplateColumn,tesisproject.backend.Data.UnifiedEntities.Export.ExportTemplateColumn
tesisproject.backend/Repositories/Interfaces/IExportTemplateColumnRepository.cs,12,IExportTemplateColumnRepository,AddRangeAsync,type,System.Collections.Generic.IEnumerable<tesisproject.shared.Entities.Export.ExportTemplateColumn>,IEnumerable<ExportTemplateColumn>,System.Collections.Generic.IEnumerable<tesisproject.backend.Data.UnifiedEntities.Export.ExportTemplateColumn>
tesisproject.backend/Repositories/Interfaces/IExportTemplateColumnRepository.cs,12,IExportTemplateColumnRepository,AddRangeAsync,type,tesisproject.shared.Entities.Export.ExportTemplateColumn,ExportTemplateColumn,tesisproject.backend.Data.UnifiedEntities.Export.ExportTemplateColumn
tesisproject.backend/Repositories/Interfaces/IExportTemplateColumnRepository.cs,15,IExportTemplateColumnRepository,RemoveRange,type,System.Collections.Generic.IEnumerable<tesisproject.shared.Entities.Export.ExportTemplateColumn>,IEnumerable<ExportTemplateColumn>,System.Collections.Generic.IEnumerable<tesisproject.backend.Data.UnifiedEntities.Export.ExportTemplateColumn>
tesisproject.backend/Repositories/Interfaces/IExportTemplateColumnRepository.cs,15,IExportTemplateColumnRepository,RemoveRange,type,tesisproject.shared.Entities.Export.ExportTemplateColumn,ExportTemplateColumn,tesisproject.backend.Data.UnifiedEntities.Export.ExportTemplateColumn
tesisproject.backend/Repositories/Interfaces/IExportTemplateRepository.cs,1,(file),(namespace/import),namespace,tesisproject.shared.Entities.Export,using tesisproject.shared.Entities.Export;,tesisproject.backend.Data.UnifiedEntities.Export
tesisproject.backend/Repositories/Interfaces/IExportTemplateRepository.cs,7,IExportTemplateRepository,ListAsync,type,System.Threading.Tasks.Task<System.Collections.Generic.IReadOnlyList<tesisproject.shared.Entities.Export.ExportTemplate>>,Task<IReadOnlyList<ExportTemplate>>,System.Threading.Tasks.Task<System.Collections.Generic.IReadOnlyList<tesisproject.backend.Data.UnifiedEntities.Export.ExportTemplate>>
tesisproject.backend/Repositories/Interfaces/IExportTemplateRepository.cs,7,IExportTemplateRepository,ListAsync,type,System.Collections.Generic.IReadOnlyList<tesisproject.shared.Entities.Export.ExportTemplate>,IReadOnlyList<ExportTemplate>,System.Collections.Generic.IReadOnlyList<tesisproject.backend.Data.UnifiedEntities.Export.ExportTemplate>
tesisproject.backend/Repositories/Interfaces/IExportTemplateRepository.cs,7,IExportTemplateRepository,ListAsync,type,tesisproject.shared.Entities.Export.ExportTemplate,ExportTemplate,tesisproject.backend.Data.UnifiedEntities.Export.ExportTemplate
tesisproject.backend/Repositories/Interfaces/IExportTemplateRepository.cs,12,IExportTemplateRepository,GetDetailByIdAsync,type,System.Threading.Tasks.Task<tesisproject.shared.Entities.Export.ExportTemplate?>,Task<ExportTemplate?>,System.Threading.Tasks.Task<tesisproject.backend.Data.UnifiedEntities.Export.ExportTemplate?>
tesisproject.backend/Repositories/Interfaces/IExportTemplateRepository.cs,12,IExportTemplateRepository,GetDetailByIdAsync,type,tesisproject.shared.Entities.Export.ExportTemplate,ExportTemplate,tesisproject.backend.Data.UnifiedEntities.Export.ExportTemplate
tesisproject.backend/Repositories/Interfaces/IExportTemplateRepository.cs,14,IExportTemplateRepository,GetByKeyAsync,type,System.Threading.Tasks.Task<tesisproject.shared.Entities.Export.ExportTemplate?>,Task<ExportTemplate?>,System.Threading.Tasks.Task<tesisproject.backend.Data.UnifiedEntities.Export.ExportTemplate?>
tesisproject.backend/Repositories/Interfaces/IExportTemplateRepository.cs,14,IExportTemplateRepository,GetByKeyAsync,type,tesisproject.shared.Entities.Export.ExportTemplate,ExportTemplate,tesisproject.backend.Data.UnifiedEntities.Export.ExportTemplate
tesisproject.backend/Repositories/Interfaces/IExportTemplateRepository.cs,16,IExportTemplateRepository,AddAsync,type,tesisproject.shared.Entities.Export.ExportTemplate,ExportTemplate,tesisproject.backend.Data.UnifiedEntities.Export.ExportTemplate
tesisproject.backend/Repositories/Interfaces/IExportTemplateRepository.cs,17,IExportTemplateRepository,Update,type,tesisproject.shared.Entities.Export.ExportTemplate,ExportTemplate,tesisproject.backend.Data.UnifiedEntities.Export.ExportTemplate
tesisproject.backend/Repositories/Interfaces/IExportTemplateRepository.cs,18,IExportTemplateRepository,Remove,type,tesisproject.shared.Entities.Export.ExportTemplate,ExportTemplate,tesisproject.backend.Data.UnifiedEntities.Export.ExportTemplate
tesisproject.backend/Repositories/Interfaces/IObjectiveActivityUserRepository.cs,5,IObjectiveActivityUserRepository,(namespace/import),type,tesisproject.backend.Repositories.Interfaces.IGenericRepository<tesisproject.shared.Entities.Core.ObjectiveActivityUser>,IGenericRepository<ObjectiveActivityUser>,tesisproject.backend.Repositories.Interfaces.IGenericRepository<tesisproject.backend.Data.UnifiedEntities.Core.ObjectiveActivityUser>
tesisproject.backend/Repositories/Interfaces/IObjectiveActivityUserRepository.cs,5,IObjectiveActivityUserRepository,(namespace/import),type,tesisproject.shared.Entities.Core.ObjectiveActivityUser,ObjectiveActivityUser,tesisproject.backend.Data.UnifiedEntities.Core.ObjectiveActivityUser
tesisproject.backend/Repositories/Interfaces/IObjectiveActivityUserRepository.cs,10,IObjectiveActivityUserRepository,GetByActivityAsync,type,System.Threading.Tasks.Task<System.Collections.Generic.List<tesisproject.shared.Entities.Core.ObjectiveActivityUser>>,Task<List<ObjectiveActivityUser>>,System.Threading.Tasks.Task<System.Collections.Generic.List<tesisproject.backend.Data.UnifiedEntities.Core.ObjectiveActivityUser>>
tesisproject.backend/Repositories/Interfaces/IObjectiveActivityUserRepository.cs,10,IObjectiveActivityUserRepository,GetByActivityAsync,type,System.Collections.Generic.List<tesisproject.shared.Entities.Core.ObjectiveActivityUser>,List<ObjectiveActivityUser>,System.Collections.Generic.List<tesisproject.backend.Data.UnifiedEntities.Core.ObjectiveActivityUser>
tesisproject.backend/Repositories/Interfaces/IObjectiveActivityUserRepository.cs,10,IObjectiveActivityUserRepository,GetByActivityAsync,type,tesisproject.shared.Entities.Core.ObjectiveActivityUser,ObjectiveActivityUser,tesisproject.backend.Data.UnifiedEntities.Core.ObjectiveActivityUser
tesisproject.backend/Repositories/Interfaces/IObjectiveActivityUserRepository.cs,26,IObjectiveActivityUserRepository,QueryWithRefs,type,System.Linq.IQueryable<tesisproject.shared.Entities.Core.ObjectiveActivityUser>,IQueryable<ObjectiveActivityUser>,System.Linq.IQueryable<tesisproject.backend.Data.UnifiedEntities.Core.ObjectiveActivityUser>
tesisproject.backend/Repositories/Interfaces/IObjectiveActivityUserRepository.cs,26,IObjectiveActivityUserRepository,QueryWithRefs,type,tesisproject.shared.Entities.Core.ObjectiveActivityUser,ObjectiveActivityUser,tesisproject.backend.Data.UnifiedEntities.Core.ObjectiveActivityUser
tesisproject.backend/Repositories/Interfaces/IProductAttributeDefinitionRepository.cs,5,IProductAttributeDefinitionRepository,(namespace/import),type,tesisproject.backend.Repositories.Interfaces.IGenericRepository<tesisproject.shared.Entities.Core.Products.ProductAttributeDefinition>,IGenericRepository<ProductAttributeDefinition>,tesisproject.backend.Repositories.Interfaces.IGenericRepository<tesisproject.backend.Data.UnifiedEntities.Core.Products.ProductAttributeDefinition>
tesisproject.backend/Repositories/Interfaces/IProductAttributeDefinitionRepository.cs,5,IProductAttributeDefinitionRepository,(namespace/import),type,tesisproject.shared.Entities.Core.Products.ProductAttributeDefinition,ProductAttributeDefinition,tesisproject.backend.Data.UnifiedEntities.Core.Products.ProductAttributeDefinition
tesisproject.backend/Repositories/Interfaces/IProductAttributeDefinitionRepository.cs,7,IProductAttributeDefinitionRepository,GetByTypeAsync,type,System.Threading.Tasks.Task<System.Collections.Generic.List<tesisproject.shared.Entities.Core.Products.ProductAttributeDefinition>>,Task<List<ProductAttributeDefinition>>,System.Threading.Tasks.Task<System.Collections.Generic.List<tesisproject.backend.Data.UnifiedEntities.Core.Products.ProductAttributeDefinition>>
tesisproject.backend/Repositories/Interfaces/IProductAttributeDefinitionRepository.cs,7,IProductAttributeDefinitionRepository,GetByTypeAsync,type,System.Collections.Generic.List<tesisproject.shared.Entities.Core.Products.ProductAttributeDefinition>,List<ProductAttributeDefinition>,System.Collections.Generic.List<tesisproject.backend.Data.UnifiedEntities.Core.Products.ProductAttributeDefinition>
tesisproject.backend/Repositories/Interfaces/IProductAttributeDefinitionRepository.cs,7,IProductAttributeDefinitionRepository,GetByTypeAsync,type,tesisproject.shared.Entities.Core.Products.ProductAttributeDefinition,ProductAttributeDefinition,tesisproject.backend.Data.UnifiedEntities.Core.Products.ProductAttributeDefinition
tesisproject.backend/Repositories/Interfaces/IProductAttributeDefinitionRepository.cs,10,IProductAttributeDefinitionRepository,QueryByType,type,System.Linq.IQueryable<tesisproject.shared.Entities.Core.Products.ProductAttributeDefinition>,IQueryable<ProductAttributeDefinition>,System.Linq.IQueryable<tesisproject.backend.Data.UnifiedEntities.Core.Products.ProductAttributeDefinition>
tesisproject.backend/Repositories/Interfaces/IProductAttributeDefinitionRepository.cs,10,IProductAttributeDefinitionRepository,QueryByType,type,tesisproject.shared.Entities.Core.Products.ProductAttributeDefinition,ProductAttributeDefinition,tesisproject.backend.Data.UnifiedEntities.Core.Products.ProductAttributeDefinition
tesisproject.backend/Repositories/Interfaces/IVisitIssueRepository.cs,5,IVisitIssueRepository,(namespace/import),type,tesisproject.backend.Repositories.Interfaces.IGenericRepository<tesisproject.shared.Entities.Core.VisitIssue>,IGenericRepository<VisitIssue>,tesisproject.backend.Repositories.Interfaces.IGenericRepository<tesisproject.backend.Data.UnifiedEntities.Core.VisitIssue>
tesisproject.backend/Repositories/Interfaces/IVisitIssueRepository.cs,5,IVisitIssueRepository,(namespace/import),type,tesisproject.shared.Entities.Core.VisitIssue,VisitIssue,tesisproject.backend.Data.UnifiedEntities.Core.VisitIssue
tesisproject.backend/Repositories/Interfaces/IVisitIssueRepository.cs,10,IVisitIssueRepository,GetByIdWithRefsAsync,type,System.Threading.Tasks.Task<tesisproject.shared.Entities.Core.VisitIssue?>,Task<VisitIssue?>,System.Threading.Tasks.Task<tesisproject.backend.Data.UnifiedEntities.Core.VisitIssue?>
tesisproject.backend/Repositories/Interfaces/IVisitIssueRepository.cs,10,IVisitIssueRepository,GetByIdWithRefsAsync,type,tesisproject.shared.Entities.Core.VisitIssue,VisitIssue,tesisproject.backend.Data.UnifiedEntities.Core.VisitIssue
tesisproject.backend/Repositories/Interfaces/IVisitIssueRepository.cs,15,IVisitIssueRepository,GetByVisitAsync,type,System.Threading.Tasks.Task<System.Collections.Generic.List<tesisproject.shared.Entities.Core.VisitIssue>>,Task<List<VisitIssue>>,System.Threading.Tasks.Task<System.Collections.Generic.List<tesisproject.backend.Data.UnifiedEntities.Core.VisitIssue>>
tesisproject.backend/Repositories/Interfaces/IVisitIssueRepository.cs,15,IVisitIssueRepository,GetByVisitAsync,type,System.Collections.Generic.List<tesisproject.shared.Entities.Core.VisitIssue>,List<VisitIssue>,System.Collections.Generic.List<tesisproject.backend.Data.UnifiedEntities.Core.VisitIssue>
tesisproject.backend/Repositories/Interfaces/IVisitIssueRepository.cs,15,IVisitIssueRepository,GetByVisitAsync,type,tesisproject.shared.Entities.Core.VisitIssue,VisitIssue,tesisproject.backend.Data.UnifiedEntities.Core.VisitIssue
tesisproject.backend/Repositories/Interfaces/IVisitIssueRepository.cs,20,IVisitIssueRepository,QueryWithRefs,type,System.Linq.IQueryable<tesisproject.shared.Entities.Core.VisitIssue>,IQueryable<VisitIssue>,System.Linq.IQueryable<tesisproject.backend.Data.UnifiedEntities.Core.VisitIssue>
tesisproject.backend/Repositories/Interfaces/IVisitIssueRepository.cs,20,IVisitIssueRepository,QueryWithRefs,type,tesisproject.shared.Entities.Core.VisitIssue,VisitIssue,tesisproject.backend.Data.UnifiedEntities.Core.VisitIssue
tesisproject.backend/Repositories/Interfaces/IVisitObjectiveActivityProgressRepository.cs,5,IVisitObjectiveActivityProgressRepository,(namespace/import),type,tesisproject.backend.Repositories.Interfaces.IGenericRepository<tesisproject.shared.Entities.Core.VisitObjectiveActivityProgress>,IGenericRepository<VisitObjectiveActivityProgress>,tesisproject.backend.Repositories.Interfaces.IGenericRepository<tesisproject.backend.Data.UnifiedEntities.Core.VisitObjectiveActivityProgress>
tesisproject.backend/Repositories/Interfaces/IVisitObjectiveActivityProgressRepository.cs,5,IVisitObjectiveActivityProgressRepository,(namespace/import),type,tesisproject.shared.Entities.Core.VisitObjectiveActivityProgress,VisitObjectiveActivityProgress,tesisproject.backend.Data.UnifiedEntities.Core.VisitObjectiveActivityProgress
tesisproject.backend/Repositories/Interfaces/IVisitObjectiveActivityProgressRepository.cs,7,IVisitObjectiveActivityProgressRepository,GetByVisitIdAsync,type,System.Threading.Tasks.Task<System.Collections.Generic.List<tesisproject.shared.Entities.Core.VisitObjectiveActivityProgress>>,Task<List<VisitObjectiveActivityProgress>>,System.Threading.Tasks.Task<System.Collections.Generic.List<tesisproject.backend.Data.UnifiedEntities.Core.VisitObjectiveActivityProgress>>
tesisproject.backend/Repositories/Interfaces/IVisitObjectiveActivityProgressRepository.cs,7,IVisitObjectiveActivityProgressRepository,GetByVisitIdAsync,type,System.Collections.Generic.List<tesisproject.shared.Entities.Core.VisitObjectiveActivityProgress>,List<VisitObjectiveActivityProgress>,System.Collections.Generic.List<tesisproject.backend.Data.UnifiedEntities.Core.VisitObjectiveActivityProgress>
tesisproject.backend/Repositories/Interfaces/IVisitObjectiveActivityProgressRepository.cs,7,IVisitObjectiveActivityProgressRepository,GetByVisitIdAsync,type,tesisproject.shared.Entities.Core.VisitObjectiveActivityProgress,VisitObjectiveActivityProgress,tesisproject.backend.Data.UnifiedEntities.Core.VisitObjectiveActivityProgress
tesisproject.backend/Services/Implementations/AppConfigurationRepository.cs,10,AppConfigurationRepository,(namespace/import),type,tesisproject.backend.Repositories.Implementations.GenericRepository<tesisproject.shared.Entities.Core.AppConfiguration>,GenericRepository<AppConfiguration>,tesisproject.backend.Repositories.Implementations.GenericRepository<tesisproject.backend.Data.UnifiedEntities.Core.AppConfiguration>
tesisproject.backend/Services/Implementations/AppConfigurationRepository.cs,10,AppConfigurationRepository,(namespace/import),type,tesisproject.shared.Entities.Core.AppConfiguration,AppConfiguration,tesisproject.backend.Data.UnifiedEntities.Core.AppConfiguration
tesisproject.backend/Services/Implementations/AppConfigurationRepository.cs,12,AppConfigurationRepository,AppConfigurationRepository,type,tesisproject.backend.Data.AppDbContext,AppDbContext,tesisproject.backend.Data.UnifiedDideDbContext
tesisproject.backend/Services/Implementations/AppConfigurationRepository.cs,14,AppConfigurationRepository,GetByModuleAndKeyAsync,type,System.Threading.Tasks.Task<tesisproject.shared.Entities.Core.AppConfiguration?>,Task<AppConfiguration?>,System.Threading.Tasks.Task<tesisproject.backend.Data.UnifiedEntities.Core.AppConfiguration?>
tesisproject.backend/Services/Implementations/AppConfigurationRepository.cs,14,AppConfigurationRepository,GetByModuleAndKeyAsync,type,tesisproject.shared.Entities.Core.AppConfiguration,AppConfiguration,tesisproject.backend.Data.UnifiedEntities.Core.AppConfiguration
tesisproject.backend/Services/Implementations/AppConfigurationRepository.cs,26,AppConfigurationRepository,GetByModuleAndKeyAsync,type,System.Linq.IQueryable<tesisproject.shared.Entities.Core.AppConfiguration>,IQueryable<AppConfiguration>,System.Linq.IQueryable<tesisproject.backend.Data.UnifiedEntities.Core.AppConfiguration>
tesisproject.backend/Services/Implementations/AppConfigurationRepository.cs,26,AppConfigurationRepository,GetByModuleAndKeyAsync,type,tesisproject.shared.Entities.Core.AppConfiguration,AppConfiguration,tesisproject.backend.Data.UnifiedEntities.Core.AppConfiguration
tesisproject.backend/Services/Implementations/AppConfigurationRepository.cs,37,AppConfigurationRepository,ListByModuleAsync,type,System.Threading.Tasks.Task<System.Collections.Generic.IReadOnlyList<tesisproject.shared.Entities.Core.AppConfiguration>>,Task<IReadOnlyList<AppConfiguration>>,System.Threading.Tasks.Task<System.Collections.Generic.IReadOnlyList<tesisproject.backend.Data.UnifiedEntities.Core.AppConfiguration>>
tesisproject.backend/Services/Implementations/AppConfigurationRepository.cs,37,AppConfigurationRepository,ListByModuleAsync,type,System.Collections.Generic.IReadOnlyList<tesisproject.shared.Entities.Core.AppConfiguration>,IReadOnlyList<AppConfiguration>,System.Collections.Generic.IReadOnlyList<tesisproject.backend.Data.UnifiedEntities.Core.AppConfiguration>
tesisproject.backend/Services/Implementations/AppConfigurationRepository.cs,37,AppConfigurationRepository,ListByModuleAsync,type,tesisproject.shared.Entities.Core.AppConfiguration,AppConfiguration,tesisproject.backend.Data.UnifiedEntities.Core.AppConfiguration
tesisproject.backend/Services/Implementations/AppConfigurationRepository.cs,47,AppConfigurationRepository,ListByModuleAsync,type,System.Linq.IQueryable<tesisproject.shared.Entities.Core.AppConfiguration>,IQueryable<AppConfiguration>,System.Linq.IQueryable<tesisproject.backend.Data.UnifiedEntities.Core.AppConfiguration>
tesisproject.backend/Services/Implementations/AppConfigurationRepository.cs,47,AppConfigurationRepository,ListByModuleAsync,type,tesisproject.shared.Entities.Core.AppConfiguration,AppConfiguration,tesisproject.backend.Data.UnifiedEntities.Core.AppConfiguration
tesisproject.backend/Services/Implementations/AppConfigurationRepository.cs,71,AppConfigurationRepository,ExistsAsync,type,System.Linq.IQueryable<tesisproject.shared.Entities.Core.AppConfiguration>,IQueryable<AppConfiguration>,System.Linq.IQueryable<tesisproject.backend.Data.UnifiedEntities.Core.AppConfiguration>
tesisproject.backend/Services/Implementations/AppConfigurationRepository.cs,71,AppConfigurationRepository,ExistsAsync,type,tesisproject.shared.Entities.Core.AppConfiguration,AppConfiguration,tesisproject.backend.Data.UnifiedEntities.Core.AppConfiguration
tesisproject.backend/Services/Implementations/ConvocationService.cs,60,ConvocationService,CreateAsync,type,tesisproject.shared.Entities.Core.Convocation,var,tesisproject.backend.Data.UnifiedEntities.Core.Convocation
tesisproject.backend/Services/Implementations/ConvocationService.cs,60,ConvocationService,CreateAsync,type,tesisproject.shared.Entities.Core.Convocation,Convocation,tesisproject.backend.Data.UnifiedEntities.Core.Convocation
tesisproject.backend/Services/Implementations/ConvocationService.cs,63,ConvocationService,CreateAsync,property,tesisproject.shared.Entities.Core.Convocation.Code,Code,tesisproject.backend.Data.UnifiedEntities.Core.Convocation.Code
tesisproject.backend/Services/Implementations/ConvocationService.cs,77,ConvocationService,CreateAsync,property,tesisproject.shared.Entities.Core.Convocation.Code,Code,tesisproject.backend.Data.UnifiedEntities.Core.Convocation.Code
tesisproject.backend/Services/Implementations/ConvocationService.cs,117,ConvocationService,GetByIdAsync,type,tesisproject.shared.Entities.Core.Convocation,var,tesisproject.backend.Data.UnifiedEntities.Core.Convocation
tesisproject.backend/Services/Implementations/ConvocationService.cs,151,ConvocationService,ListAsync,type,"(System.Collections.Generic.List<tesisproject.shared.Entities.Core.Convocation> items, int total)",var,"(System.Collections.Generic.List<tesisproject.backend.Data.UnifiedEntities.Core.Convocation> items, int total)"
tesisproject.backend/Services/Implementations/ConvocationService.cs,202,ConvocationService,UpdateAsync,type,tesisproject.shared.Entities.Core.Convocation,var,tesisproject.backend.Data.UnifiedEntities.Core.Convocation
tesisproject.backend/Services/Implementations/ConvocationService.cs,212,ConvocationService,UpdateAsync,property,tesisproject.shared.Entities.Core.Convocation.Code,Code,tesisproject.backend.Data.UnifiedEntities.Core.Convocation.Code
tesisproject.backend/Services/Implementations/ConvocationService.cs,257,ConvocationService,ActivateExclusiveAsync,type,tesisproject.shared.Entities.Core.Convocation,var,tesisproject.backend.Data.UnifiedEntities.Core.Convocation
tesisproject.backend/Services/Implementations/ConvocationService.cs,300,ConvocationService,AddRuleAsync,type,tesisproject.shared.Entities.Core.Convocation,var,tesisproject.backend.Data.UnifiedEntities.Core.Convocation
tesisproject.backend/Services/Implementations/ConvocationService.cs,309,ConvocationService,AddRuleAsync,type,tesisproject.shared.Entities.Core.ConvocationRule,var,tesisproject.backend.Data.UnifiedEntities.Core.ConvocationRule
tesisproject.backend/Services/Implementations/ConvocationService.cs,309,ConvocationService,AddRuleAsync,type,tesisproject.shared.Entities.Core.ConvocationRule,ConvocationRule,tesisproject.backend.Data.UnifiedEntities.Core.ConvocationRule
tesisproject.backend/Services/Implementations/ConvocationService.cs,359,ConvocationService,UpdateRuleAsync,type,tesisproject.shared.Entities.Core.ConvocationRule,var,tesisproject.backend.Data.UnifiedEntities.Core.ConvocationRule
tesisproject.backend/Services/Implementations/ConvocationService.cs,359,ConvocationService,UpdateRuleAsync,type,tesisproject.shared.Entities.Core.ConvocationRule,ConvocationRule,tesisproject.backend.Data.UnifiedEntities.Core.ConvocationRule
tesisproject.backend/Services/Implementations/ConvocationService.cs,481,ConvocationService,MapToListDTO,type,tesisproject.shared.Entities.Core.Convocation,Convocation,tesisproject.backend.Data.UnifiedEntities.Core.Convocation
tesisproject.backend/Services/Implementations/ConvocationService.cs,485,ConvocationService,MapToListDTO,property,tesisproject.shared.Entities.Core.Convocation.Code,Code,tesisproject.backend.Data.UnifiedEntities.Core.Convocation.Code
tesisproject.backend/Services/Implementations/ConvocationService.cs,490,ConvocationService,MapToDetailDTO,type,tesisproject.shared.Entities.Core.Convocation,Convocation,tesisproject.backend.Data.UnifiedEntities.Core.Convocation
tesisproject.backend/Services/Implementations/ConvocationService.cs,494,ConvocationService,MapToDetailDTO,property,tesisproject.shared.Entities.Core.Convocation.Code,Code,tesisproject.backend.Data.UnifiedEntities.Core.Convocation.Code
tesisproject.backend/Services/Implementations/ConvocationService.cs,499,ConvocationService,MapRuleToDTO,type,tesisproject.shared.Entities.Core.ConvocationRule,ConvocationRule,tesisproject.backend.Data.UnifiedEntities.Core.ConvocationRule
tesisproject.backend/Services/Implementations/ConvocationService.cs,501,ConvocationService,MapRuleToDTO,type,tesisproject.shared.Entities.Core.ConvocationRuleIndexing,var,tesisproject.backend.Data.UnifiedEntities.Core.ConvocationRuleIndexing
tesisproject.backend/Services/Implementations/ExportTemplateService.cs,5,(file),(namespace/import),namespace,tesisproject.shared.Entities.Export,using tesisproject.shared.Entities.Export;,tesisproject.backend.Data.UnifiedEntities.Export
tesisproject.backend/Services/Implementations/ExportTemplateService.cs,37,ExportTemplateService,ListFieldsAsync,type,System.Collections.Generic.IReadOnlyList<tesisproject.shared.Entities.Export.ExportField>,var,System.Collections.Generic.IReadOnlyList<tesisproject.backend.Data.UnifiedEntities.Export.ExportField>
tesisproject.backend/Services/Implementations/ExportTemplateService.cs,58,ExportTemplateService,ListTemplatesAsync,type,System.Collections.Generic.IReadOnlyList<tesisproject.shared.Entities.Export.ExportTemplate>,var,System.Collections.Generic.IReadOnlyList<tesisproject.backend.Data.UnifiedEntities.Export.ExportTemplate>
tesisproject.backend/Services/Implementations/ExportTemplateService.cs,81,ExportTemplateService,GetTemplateAsync,type,tesisproject.shared.Entities.Export.ExportTemplate,var,tesisproject.backend.Data.UnifiedEntities.Export.ExportTemplate
tesisproject.backend/Services/Implementations/ExportTemplateService.cs,107,ExportTemplateService,CreateTemplateAsync,type,tesisproject.shared.Entities.Export.ExportTemplate,var,tesisproject.backend.Data.UnifiedEntities.Export.ExportTemplate
tesisproject.backend/Services/Implementations/ExportTemplateService.cs,107,ExportTemplateService,CreateTemplateAsync,type,tesisproject.shared.Entities.Export.ExportTemplate,ExportTemplate,tesisproject.backend.Data.UnifiedEntities.Export.ExportTemplate
tesisproject.backend/Services/Implementations/ExportTemplateService.cs,122,ExportTemplateService,CreateTemplateAsync,type,System.Collections.Generic.List<tesisproject.shared.Entities.Export.ExportTemplateColumn>,var,System.Collections.Generic.List<tesisproject.backend.Data.UnifiedEntities.Export.ExportTemplateColumn>
tesisproject.backend/Services/Implementations/ExportTemplateService.cs,128,ExportTemplateService,CreateTemplateAsync,type,tesisproject.shared.Entities.Export.ExportTemplate,var,tesisproject.backend.Data.UnifiedEntities.Export.ExportTemplate
tesisproject.backend/Services/Implementations/ExportTemplateService.cs,149,ExportTemplateService,UpdateTemplateAsync,type,tesisproject.shared.Entities.Export.ExportTemplate,var,tesisproject.backend.Data.UnifiedEntities.Export.ExportTemplate
tesisproject.backend/Services/Implementations/ExportTemplateService.cs,161,ExportTemplateService,UpdateTemplateAsync,type,System.Collections.Generic.IReadOnlyList<tesisproject.shared.Entities.Export.ExportTemplateColumn>,var,System.Collections.Generic.IReadOnlyList<tesisproject.backend.Data.UnifiedEntities.Export.ExportTemplateColumn>
tesisproject.backend/Services/Implementations/ExportTemplateService.cs,165,ExportTemplateService,UpdateTemplateAsync,type,System.Collections.Generic.List<tesisproject.shared.Entities.Export.ExportTemplateColumn>,var,System.Collections.Generic.List<tesisproject.backend.Data.UnifiedEntities.Export.ExportTemplateColumn>
tesisproject.backend/Services/Implementations/ExportTemplateService.cs,171,ExportTemplateService,UpdateTemplateAsync,type,tesisproject.shared.Entities.Export.ExportTemplate,var,tesisproject.backend.Data.UnifiedEntities.Export.ExportTemplate
tesisproject.backend/Services/Implementations/ExportTemplateService.cs,185,ExportTemplateService,DeleteTemplateAsync,type,tesisproject.shared.Entities.Export.ExportTemplate,var,tesisproject.backend.Data.UnifiedEntities.Export.ExportTemplate
tesisproject.backend/Services/Implementations/ExportTemplateService.cs,239,ExportTemplateService,MapToDetailDTO,type,tesisproject.shared.Entities.Export.ExportTemplate,ExportTemplate,tesisproject.backend.Data.UnifiedEntities.Export.ExportTemplate
tesisproject.backend/Services/Implementations/ExportTemplateService.cs,268,ExportTemplateService,BuildColumnsEntitiesAsync,type,System.Threading.Tasks.Task<System.Collections.Generic.List<tesisproject.shared.Entities.Export.ExportTemplateColumn>>,Task<List<ExportTemplateColumn>>,System.Threading.Tasks.Task<System.Collections.Generic.List<tesisproject.backend.Data.UnifiedEntities.Export.ExportTemplateColumn>>
tesisproject.backend/Services/Implementations/ExportTemplateService.cs,268,ExportTemplateService,BuildColumnsEntitiesAsync,type,System.Collections.Generic.List<tesisproject.shared.Entities.Export.ExportTemplateColumn>,List<ExportTemplateColumn>,System.Collections.Generic.List<tesisproject.backend.Data.UnifiedEntities.Export.ExportTemplateColumn>
tesisproject.backend/Services/Implementations/ExportTemplateService.cs,268,ExportTemplateService,BuildColumnsEntitiesAsync,type,tesisproject.shared.Entities.Export.ExportTemplateColumn,ExportTemplateColumn,tesisproject.backend.Data.UnifiedEntities.Export.ExportTemplateColumn
tesisproject.backend/Services/Implementations/ExportTemplateService.cs,273,ExportTemplateService,BuildColumnsEntitiesAsync,type,System.Collections.Generic.List<tesisproject.shared.Entities.Export.ExportTemplateColumn>,var,System.Collections.Generic.List<tesisproject.backend.Data.UnifiedEntities.Export.ExportTemplateColumn>
tesisproject.backend/Services/Implementations/ExportTemplateService.cs,273,ExportTemplateService,BuildColumnsEntitiesAsync,type,System.Collections.Generic.List<tesisproject.shared.Entities.Export.ExportTemplateColumn>,List<ExportTemplateColumn>,System.Collections.Generic.List<tesisproject.backend.Data.UnifiedEntities.Export.ExportTemplateColumn>
tesisproject.backend/Services/Implementations/ExportTemplateService.cs,273,ExportTemplateService,BuildColumnsEntitiesAsync,type,tesisproject.shared.Entities.Export.ExportTemplateColumn,ExportTemplateColumn,tesisproject.backend.Data.UnifiedEntities.Export.ExportTemplateColumn
tesisproject.backend/Services/Implementations/ExportTemplateService.cs,278,ExportTemplateService,BuildColumnsEntitiesAsync,type,System.Collections.Generic.IReadOnlyList<tesisproject.shared.Entities.Export.ExportField>,var,System.Collections.Generic.IReadOnlyList<tesisproject.backend.Data.UnifiedEntities.Export.ExportField>
tesisproject.backend/Services/Implementations/ExportTemplateService.cs,279,ExportTemplateService,BuildColumnsEntitiesAsync,type,"System.Collections.Generic.Dictionary<int, tesisproject.shared.Entities.Export.ExportField>",var,"System.Collections.Generic.Dictionary<int, tesisproject.backend.Data.UnifiedEntities.Export.ExportField>"
tesisproject.backend/Services/Implementations/ExportTemplateService.cs,283,ExportTemplateService,BuildColumnsEntitiesAsync,type,tesisproject.shared.Entities.Export.ExportField,var,tesisproject.backend.Data.UnifiedEntities.Export.ExportField
tesisproject.backend/Services/Implementations/ExportTemplateService.cs,293,ExportTemplateService,BuildColumnsEntitiesAsync,type,tesisproject.shared.Entities.Export.ExportTemplateColumn,ExportTemplateColumn,tesisproject.backend.Data.UnifiedEntities.Export.ExportTemplateColumn
tesisproject.backend/Services/Implementations/ObjectiveActivityService.cs,278,ObjectiveActivityService,SetProgressAsync,type,tesisproject.shared.Entities.Core.VisitObjectiveActivityProgress,var,tesisproject.backend.Data.UnifiedEntities.Core.VisitObjectiveActivityProgress
tesisproject.backend/Services/Implementations/ObjectiveActivityService.cs,287,ObjectiveActivityService,SetProgressAsync,type,tesisproject.shared.Entities.Core.VisitObjectiveActivityProgress,var,tesisproject.backend.Data.UnifiedEntities.Core.VisitObjectiveActivityProgress
tesisproject.backend/Services/Implementations/ObjectiveActivityService.cs,287,ObjectiveActivityService,SetProgressAsync,type,tesisproject.shared.Entities.Core.VisitObjectiveActivityProgress,VisitObjectiveActivityProgress,tesisproject.backend.Data.UnifiedEntities.Core.VisitObjectiveActivityProgress
tesisproject.backend/Services/Implementations/ObjectiveActivityService.cs,332,ObjectiveActivityService,GetLatestProgressEntityForVisitAsync,type,System.Threading.Tasks.Task<tesisproject.shared.Entities.Core.VisitObjectiveActivityProgress?>,Task<VisitObjectiveActivityProgress?>,System.Threading.Tasks.Task<tesisproject.backend.Data.UnifiedEntities.Core.VisitObjectiveActivityProgress?>
tesisproject.backend/Services/Implementations/ObjectiveActivityService.cs,332,ObjectiveActivityService,GetLatestProgressEntityForVisitAsync,type,tesisproject.shared.Entities.Core.VisitObjectiveActivityProgress,VisitObjectiveActivityProgress,tesisproject.backend.Data.UnifiedEntities.Core.VisitObjectiveActivityProgress
tesisproject.backend/Services/Implementations/ObjectiveActivityUserService.cs,34,ObjectiveActivityUserService,ListByActivityAsync,type,System.Collections.Generic.List<tesisproject.shared.Entities.Core.ObjectiveActivityUser>,var,System.Collections.Generic.List<tesisproject.backend.Data.UnifiedEntities.Core.ObjectiveActivityUser>
tesisproject.backend/Services/Implementations/ObjectiveActivityUserService.cs,121,ObjectiveActivityUserService,AssignAsync,type,tesisproject.shared.Entities.Core.ObjectiveActivityUser,var,tesisproject.backend.Data.UnifiedEntities.Core.ObjectiveActivityUser
tesisproject.backend/Services/Implementations/ObjectiveActivityUserService.cs,121,ObjectiveActivityUserService,AssignAsync,type,tesisproject.shared.Entities.Core.ObjectiveActivityUser,ObjectiveActivityUser,tesisproject.backend.Data.UnifiedEntities.Core.ObjectiveActivityUser
tesisproject.backend/Services/Implementations/ObjectiveActivityUserService.cs,124,ObjectiveActivityUserService,AssignAsync,property,tesisproject.shared.Entities.Core.ObjectiveActivityUser.UserId,UserId,tesisproject.backend.Data.UnifiedEntities.Core.ObjectiveActivityUser.UserId
tesisproject.backend/Services/Implementations/ObjectiveActivityUserService.cs,150,ObjectiveActivityUserService,UpdateAsync,type,tesisproject.shared.Entities.Core.ObjectiveActivityUser,var,tesisproject.backend.Data.UnifiedEntities.Core.ObjectiveActivityUser
tesisproject.backend/Services/Implementations/ObjectiveActivityUserService.cs,184,ObjectiveActivityUserService,UnassignAsync,type,tesisproject.shared.Entities.Core.ObjectiveActivityUser,var,tesisproject.backend.Data.UnifiedEntities.Core.ObjectiveActivityUser
tesisproject.backend/Services/Implementations/ObjectiveActivityUserService.cs,208,ObjectiveActivityUserService,MapToDto,type,tesisproject.shared.Entities.Core.ObjectiveActivityUser,ObjectiveActivityUser,tesisproject.backend.Data.UnifiedEntities.Core.ObjectiveActivityUser
tesisproject.backend/Services/Implementations/ObjectiveActivityUserService.cs,213,ObjectiveActivityUserService,MapToDto,property,tesisproject.shared.Entities.Core.ObjectiveActivityUser.UserId,UserId,tesisproject.backend.Data.UnifiedEntities.Core.ObjectiveActivityUser.UserId
tesisproject.backend/Services/Implementations/ProductAttributeDefinitionService.cs,37,ProductAttributeDefinitionService,ListByProductTypeAsync,type,System.Linq.IOrderedQueryable<tesisproject.shared.Entities.Core.Products.ProductAttributeDefinition>,var,System.Linq.IOrderedQueryable<tesisproject.backend.Data.UnifiedEntities.Core.Products.ProductAttributeDefinition>
tesisproject.backend/Services/Implementations/ProductAttributeDefinitionService.cs,67,ProductAttributeDefinitionService,GetByIdAsync,type,tesisproject.shared.Entities.Core.Products.ProductAttributeDefinition,var,tesisproject.backend.Data.UnifiedEntities.Core.Products.ProductAttributeDefinition
tesisproject.backend/Services/Implementations/ProductAttributeDefinitionService.cs,106,ProductAttributeDefinitionService,CreateAsync,type,tesisproject.shared.Entities.Core.Products.ProductAttributeDefinition,var,tesisproject.backend.Data.UnifiedEntities.Core.Products.ProductAttributeDefinition
tesisproject.backend/Services/Implementations/ProductAttributeDefinitionService.cs,106,ProductAttributeDefinitionService,CreateAsync,type,tesisproject.shared.Entities.Core.Products.ProductAttributeDefinition,ProductAttributeDefinition,tesisproject.backend.Data.UnifiedEntities.Core.Products.ProductAttributeDefinition
tesisproject.backend/Services/Implementations/ProductAttributeDefinitionService.cs,118,ProductAttributeDefinitionService,CreateAsync,type,tesisproject.shared.Entities.Core.Products.ProductAttributeDefinition,var,tesisproject.backend.Data.UnifiedEntities.Core.Products.ProductAttributeDefinition
tesisproject.backend/Services/Implementations/ProductAttributeDefinitionService.cs,132,ProductAttributeDefinitionService,UpdateAsync,type,tesisproject.shared.Entities.Core.Products.ProductAttributeDefinition,var,tesisproject.backend.Data.UnifiedEntities.Core.Products.ProductAttributeDefinition
tesisproject.backend/Services/Implementations/ProductAttributeDefinitionService.cs,162,ProductAttributeDefinitionService,UpdateAsync,type,tesisproject.shared.Entities.Core.Products.ProductAttributeDefinition,var,tesisproject.backend.Data.UnifiedEntities.Core.Products.ProductAttributeDefinition
tesisproject.backend/Services/Implementations/ProductAttributeDefinitionService.cs,176,ProductAttributeDefinitionService,DeleteAsync,type,tesisproject.shared.Entities.Core.Products.ProductAttributeDefinition,var,tesisproject.backend.Data.UnifiedEntities.Core.Products.ProductAttributeDefinition
tesisproject.backend/Services/Implementations/ProductAttributeDefinitionService.cs,190,ProductAttributeDefinitionService,QueryWithRefs,type,System.Linq.IQueryable<tesisproject.shared.Entities.Core.Products.ProductAttributeDefinition>,IQueryable<ProductAttributeDefinition>,System.Linq.IQueryable<tesisproject.backend.Data.UnifiedEntities.Core.Products.ProductAttributeDefinition>
tesisproject.backend/Services/Implementations/ProductAttributeDefinitionService.cs,190,ProductAttributeDefinitionService,QueryWithRefs,type,tesisproject.shared.Entities.Core.Products.ProductAttributeDefinition,ProductAttributeDefinition,tesisproject.backend.Data.UnifiedEntities.Core.Products.ProductAttributeDefinition
tesisproject.backend/Services/Implementations/ProductAttributeDefinitionService.cs,198,ProductAttributeDefinitionService,MapToDetailDto,type,tesisproject.shared.Entities.Core.Products.ProductAttributeDefinition,ProductAttributeDefinition,tesisproject.backend.Data.UnifiedEntities.Core.Products.ProductAttributeDefinition
tesisproject.backend/Services/Implementations/ProductService.cs,90,ProductService,CreateAsync,type,System.Collections.Generic.List<tesisproject.shared.Entities.Core.Products.ProductAttributeDefinition>,var,System.Collections.Generic.List<tesisproject.backend.Data.UnifiedEntities.Core.Products.ProductAttributeDefinition>
tesisproject.backend/Services/Implementations/ProductService.cs,279,ProductService,UpdateAsync,type,System.Collections.Generic.List<tesisproject.shared.Entities.Core.Products.ProductAttributeDefinition>,var,System.Collections.Generic.List<tesisproject.backend.Data.UnifiedEntities.Core.Products.ProductAttributeDefinition>
tesisproject.backend/Services/Implementations/ProductService.cs,436,ProductService,ValidateAndNormalizeValues,type,System.Collections.Generic.List<tesisproject.shared.Entities.Core.Products.ProductAttributeDefinition>,List<ProductAttributeDefinition>,System.Collections.Generic.List<tesisproject.backend.Data.UnifiedEntities.Core.Products.ProductAttributeDefinition>
tesisproject.backend/Services/Implementations/ProductService.cs,436,ProductService,ValidateAndNormalizeValues,type,tesisproject.shared.Entities.Core.Products.ProductAttributeDefinition,ProductAttributeDefinition,tesisproject.backend.Data.UnifiedEntities.Core.Products.ProductAttributeDefinition
tesisproject.backend/Services/Implementations/ProductService.cs,441,ProductService,ValidateAndNormalizeValues,type,"System.Collections.Generic.Dictionary<int, tesisproject.shared.Entities.Core.Products.ProductAttributeDefinition>",var,"System.Collections.Generic.Dictionary<int, tesisproject.backend.Data.UnifiedEntities.Core.Products.ProductAttributeDefinition>"
tesisproject.backend/Services/Implementations/ProductService.cs,448,ProductService,ValidateAndNormalizeValues,type,tesisproject.shared.Entities.Core.Products.ProductAttributeDefinition,var,tesisproject.backend.Data.UnifiedEntities.Core.Products.ProductAttributeDefinition
tesisproject.backend/Services/Implementations/ProductService.cs,465,ProductService,ValidateAndNormalizeValues,type,tesisproject.shared.Entities.Core.Products.ProductAttributeDefinition,var,tesisproject.backend.Data.UnifiedEntities.Core.Products.ProductAttributeDefinition
tesisproject.backend/Services/Implementations/ProductTypeDesignService.cs,83,ProductTypeDesignService,GetDesignAsync,type,"Microsoft.EntityFrameworkCore.Query.IIncludableQueryable<tesisproject.shared.Entities.Core.Products.ProductAttributeDefinition, tesisproject.shared.Entities.Catalogs.ProductAttribute>",var,"Microsoft.EntityFrameworkCore.Query.IIncludableQueryable<tesisproject.backend.Data.UnifiedEntities.Core.Products.ProductAttributeDefinition, tesisproject.backend.Data.UnifiedEntities.Catalogs.ProductAttribute>"
tesisproject.backend/Services/Implementations/ProductTypeDesignService.cs,87,ProductTypeDesignService,GetDesignAsync,type,System.Collections.Generic.List<tesisproject.shared.Entities.Core.Products.ProductAttributeDefinition>,var,System.Collections.Generic.List<tesisproject.backend.Data.UnifiedEntities.Core.Products.ProductAttributeDefinition>
tesisproject.backend/Services/Implementations/ProductTypeDesignService.cs,306,ProductTypeDesignService,SyncDefinitionsAsync,type,System.Collections.Generic.List<tesisproject.shared.Entities.Core.Products.ProductAttributeDefinition>,var,System.Collections.Generic.List<tesisproject.backend.Data.UnifiedEntities.Core.Products.ProductAttributeDefinition>
tesisproject.backend/Services/Implementations/ProductTypeDesignService.cs,309,ProductTypeDesignService,SyncDefinitionsAsync,type,"System.Collections.Generic.Dictionary<int, tesisproject.shared.Entities.Core.Products.ProductAttributeDefinition>",var,"System.Collections.Generic.Dictionary<int, tesisproject.backend.Data.UnifiedEntities.Core.Products.ProductAttributeDefinition>"
tesisproject.backend/Services/Implementations/ProductTypeDesignService.cs,317,ProductTypeDesignService,SyncDefinitionsAsync,type,tesisproject.shared.Entities.Core.Products.ProductAttributeDefinition,var,tesisproject.backend.Data.UnifiedEntities.Core.Products.ProductAttributeDefinition
tesisproject.backend/Services/Implementations/ProductTypeDesignService.cs,350,ProductTypeDesignService,SyncDefinitionsAsync,type,tesisproject.shared.Entities.Core.Products.ProductAttributeDefinition,var,tesisproject.backend.Data.UnifiedEntities.Core.Products.ProductAttributeDefinition
tesisproject.backend/Services/Implementations/ProductTypeDesignService.cs,350,ProductTypeDesignService,SyncDefinitionsAsync,type,tesisproject.shared.Entities.Core.Products.ProductAttributeDefinition,ProductAttributeDefinition,tesisproject.backend.Data.UnifiedEntities.Core.Products.ProductAttributeDefinition
tesisproject.backend/Services/Implementations/ProductTypeDesignService.cs,363,ProductTypeDesignService,SyncDefinitionsAsync,type,tesisproject.shared.Entities.Core.Products.ProductAttributeDefinition,var,tesisproject.backend.Data.UnifiedEntities.Core.Products.ProductAttributeDefinition
tesisproject.backend/Services/Implementations/ProductTypeDesignService.cs,442,ProductTypeDesignService,MapDefinitionToDetail,type,tesisproject.shared.Entities.Core.Products.ProductAttributeDefinition,ProductAttributeDefinition,tesisproject.backend.Data.UnifiedEntities.Core.Products.ProductAttributeDefinition
tesisproject.backend/Services/Implementations/ProjectService.cs,1191,ProjectService,ImportFromMatrixAsync,type,System.Collections.Generic.List<tesisproject.shared.Entities.Core.Convocation>,var,System.Collections.Generic.List<tesisproject.backend.Data.UnifiedEntities.Core.Convocation>
tesisproject.backend/Services/Implementations/ProjectService.cs,1279,ProjectService,ImportFromMatrixAsync,type,tesisproject.shared.Entities.Core.Convocation,Convocation,tesisproject.backend.Data.UnifiedEntities.Core.Convocation
tesisproject.backend/Services/Implementations/ProjectService.cs,1966,ProjectService,ResolveOrCreateConvocationAsync,type,System.Threading.Tasks.Task<tesisproject.shared.Entities.Core.Convocation?>,Task<Convocation?>,System.Threading.Tasks.Task<tesisproject.backend.Data.UnifiedEntities.Core.Convocation?>
tesisproject.backend/Services/Implementations/ProjectService.cs,1966,ProjectService,ResolveOrCreateConvocationAsync,type,tesisproject.shared.Entities.Core.Convocation,Convocation,tesisproject.backend.Data.UnifiedEntities.Core.Convocation
tesisproject.backend/Services/Implementations/ProjectService.cs,1967,ProjectService,ResolveOrCreateConvocationAsync,type,System.Collections.Generic.List<tesisproject.shared.Entities.Core.Convocation>,List<Convocation>,System.Collections.Generic.List<tesisproject.backend.Data.UnifiedEntities.Core.Convocation>
tesisproject.backend/Services/Implementations/ProjectService.cs,1967,ProjectService,ResolveOrCreateConvocationAsync,type,tesisproject.shared.Entities.Core.Convocation,Convocation,tesisproject.backend.Data.UnifiedEntities.Core.Convocation
tesisproject.backend/Services/Implementations/ProjectService.cs,1983,ProjectService,ResolveOrCreateConvocationAsync,type,tesisproject.shared.Entities.Core.Convocation,Convocation,tesisproject.backend.Data.UnifiedEntities.Core.Convocation
tesisproject.backend/Services/Implementations/ProjectService.cs,1986,ProjectService,ResolveOrCreateConvocationAsync,type,tesisproject.shared.Entities.Core.Convocation,var,tesisproject.backend.Data.UnifiedEntities.Core.Convocation
tesisproject.backend/Services/Implementations/ProjectService.cs,1988,ProjectService,ResolveOrCreateConvocationAsync,property,tesisproject.shared.Entities.Core.Convocation.Code,Code,tesisproject.backend.Data.UnifiedEntities.Core.Convocation.Code
tesisproject.backend/Services/Implementations/ProjectService.cs,2011,ProjectService,ResolveOrCreateConvocationAsync,property,tesisproject.shared.Entities.Core.Convocation.Code,Code,tesisproject.backend.Data.UnifiedEntities.Core.Convocation.Code
tesisproject.backend/Services/Implementations/VisitIssueService.cs,48,VisitIssueService,CreateAsync,type,tesisproject.shared.Entities.Core.VisitIssue,var,tesisproject.backend.Data.UnifiedEntities.Core.VisitIssue
tesisproject.backend/Services/Implementations/VisitIssueService.cs,48,VisitIssueService,CreateAsync,type,tesisproject.shared.Entities.Core.VisitIssue,VisitIssue,tesisproject.backend.Data.UnifiedEntities.Core.VisitIssue
tesisproject.backend/Services/Implementations/VisitIssueService.cs,77,VisitIssueService,GetByIdAsync,type,tesisproject.shared.Entities.Core.VisitIssue,var,tesisproject.backend.Data.UnifiedEntities.Core.VisitIssue
tesisproject.backend/Services/Implementations/VisitIssueService.cs,95,VisitIssueService,ListByVisitAsync,type,System.Collections.Generic.List<tesisproject.shared.Entities.Core.VisitIssue>,var,System.Collections.Generic.List<tesisproject.backend.Data.UnifiedEntities.Core.VisitIssue>
tesisproject.backend/Services/Implementations/VisitIssueService.cs,111,VisitIssueService,UpdateAsync,type,tesisproject.shared.Entities.Core.VisitIssue,var,tesisproject.backend.Data.UnifiedEntities.Core.VisitIssue
tesisproject.backend/Services/Implementations/VisitIssueService.cs,146,VisitIssueService,DeleteAsync,type,tesisproject.shared.Entities.Core.VisitIssue,var,tesisproject.backend.Data.UnifiedEntities.Core.VisitIssue
tesisproject.backend/Services/Implementations/VisitIssueService.cs,187,VisitIssueService,ToResponse,type,tesisproject.shared.Entities.Core.VisitIssue,VisitIssue,tesisproject.backend.Data.UnifiedEntities.Core.VisitIssue
tesisproject.backend/Services/Implementations/VisitObjectiveActivityProgressService.cs,93,VisitObjectiveActivityProgressService,UpsertSingleAsync,type,tesisproject.shared.Entities.Core.VisitObjectiveActivityProgress,var,tesisproject.backend.Data.UnifiedEntities.Core.VisitObjectiveActivityProgress
tesisproject.backend/Services/Implementations/VisitObjectiveActivityProgressService.cs,99,VisitObjectiveActivityProgressService,UpsertSingleAsync,type,tesisproject.shared.Entities.Core.VisitObjectiveActivityProgress,VisitObjectiveActivityProgress,tesisproject.backend.Data.UnifiedEntities.Core.VisitObjectiveActivityProgress
tesisproject.backend/Services/Implementations/VisitObjectiveActivityProgressService.cs,103,VisitObjectiveActivityProgressService,UpsertSingleAsync,type,tesisproject.shared.Entities.Core.VisitObjectiveActivityProgress,VisitObjectiveActivityProgress,tesisproject.backend.Data.UnifiedEntities.Core.VisitObjectiveActivityProgress
tesisproject.backend/Services/Implementations/VisitObjectiveActivityProgressService.cs,159,VisitObjectiveActivityProgressService,DeleteAsync,type,tesisproject.shared.Entities.Core.VisitObjectiveActivityProgress,var,tesisproject.backend.Data.UnifiedEntities.Core.VisitObjectiveActivityProgress
tesisproject.backend/Services/Implementations/VisitObjectiveActivityProgressService.cs,214,VisitObjectiveActivityProgressService,BuildSingleResponseDto,type,tesisproject.shared.Entities.Core.VisitObjectiveActivityProgress,VisitObjectiveActivityProgress,tesisproject.backend.Data.UnifiedEntities.Core.VisitObjectiveActivityProgress
tesisproject.backend/Services/Interfaces/IAppConfigurationRepository.cs,6,IAppConfigurationRepository,(namespace/import),type,tesisproject.backend.Repositories.Interfaces.IGenericRepository<tesisproject.shared.Entities.Core.AppConfiguration>,IGenericRepository<AppConfiguration>,tesisproject.backend.Repositories.Interfaces.IGenericRepository<tesisproject.backend.Data.UnifiedEntities.Core.AppConfiguration>
tesisproject.backend/Services/Interfaces/IAppConfigurationRepository.cs,6,IAppConfigurationRepository,(namespace/import),type,tesisproject.shared.Entities.Core.AppConfiguration,AppConfiguration,tesisproject.backend.Data.UnifiedEntities.Core.AppConfiguration
tesisproject.backend/Services/Interfaces/IAppConfigurationRepository.cs,8,IAppConfigurationRepository,GetByModuleAndKeyAsync,type,System.Threading.Tasks.Task<tesisproject.shared.Entities.Core.AppConfiguration?>,Task<AppConfiguration?>,System.Threading.Tasks.Task<tesisproject.backend.Data.UnifiedEntities.Core.AppConfiguration?>
tesisproject.backend/Services/Interfaces/IAppConfigurationRepository.cs,8,IAppConfigurationRepository,GetByModuleAndKeyAsync,type,tesisproject.shared.Entities.Core.AppConfiguration,AppConfiguration,tesisproject.backend.Data.UnifiedEntities.Core.AppConfiguration
tesisproject.backend/Services/Interfaces/IAppConfigurationRepository.cs,14,IAppConfigurationRepository,ListByModuleAsync,type,System.Threading.Tasks.Task<System.Collections.Generic.IReadOnlyList<tesisproject.shared.Entities.Core.AppConfiguration>>,Task<IReadOnlyList<AppConfiguration>>,System.Threading.Tasks.Task<System.Collections.Generic.IReadOnlyList<tesisproject.backend.Data.UnifiedEntities.Core.AppConfiguration>>
tesisproject.backend/Services/Interfaces/IAppConfigurationRepository.cs,14,IAppConfigurationRepository,ListByModuleAsync,type,System.Collections.Generic.IReadOnlyList<tesisproject.shared.Entities.Core.AppConfiguration>,IReadOnlyList<AppConfiguration>,System.Collections.Generic.IReadOnlyList<tesisproject.backend.Data.UnifiedEntities.Core.AppConfiguration>
tesisproject.backend/Services/Interfaces/IAppConfigurationRepository.cs,14,IAppConfigurationRepository,ListByModuleAsync,type,tesisproject.shared.Entities.Core.AppConfiguration,AppConfiguration,tesisproject.backend.Data.UnifiedEntities.Core.AppConfiguration
