controller,unified,endpoint,route,verb,legacyService,unifiedService,requestLegacy,responseLegacy,statusCodes,authorization,classification
AcademicPeriodsController,UnifiedAcademicPeriodsController,List,api/academicperiods,GET,IExternalPeriodsClient.GetAllAsync,IExternalPeriodsClient.GetAllAsync,Boolean onlyActives default=True [Microsoft.AspNetCore.Mvc.FromQueryAttribute()];CancellationToken ct default= ,Task<ActionResult<ServiceResult<IReadOnlyList<AcademicPeriodListItemDTO>>>>,200;400;401;403;404;409;500 (ServiceResult),"roles=superadmin,policy=,schemes=;",DIRECT
AcademicPeriodsController,UnifiedAcademicPeriodsController,GetById,api/academicperiods/{id:int},GET,IExternalPeriodsClient.GetByIdAsync,IExternalPeriodsClient.GetByIdAsync,Int32 id default= ;CancellationToken ct default= ,Task<ActionResult<ServiceResult<AcademicPeriodListItemDTO>>>,200;400;401;403;404;409;500 (ServiceResult),"roles=superadmin,policy=,schemes=;",DIRECT
AcademicPeriodsController,UnifiedAcademicPeriodsController,GetKeyValues,api/academicperiods/keyvalues,GET,IExternalPeriodsClient.GetAllAsync,IExternalPeriodsClient.GetAllAsync,String term default= [Microsoft.AspNetCore.Mvc.FromQueryAttribute()];Nullable<Int32> take default= [Microsoft.AspNetCore.Mvc.FromQueryAttribute()];CancellationToken ct default= ,Task<ActionResult<ServiceResult<List<KeyValueItemDTO>>>>,200;400;401;403;404;409;500 (ServiceResult),"roles=superadmin,policy=,schemes=;",DIRECT
AcademicPeriodsController,UnifiedAcademicPeriodsController,Create,api/academicperiods,POST,,,AcademicPeriodCreateRequestDTO body default= ;CancellationToken ct default= ,Task<ActionResult<ServiceResult<AcademicPeriodListItemDTO>>>,500 unsupported;401/403 authorization,"roles=superadmin,policy=,schemes=;",DIRECT
AcademicPeriodsController,UnifiedAcademicPeriodsController,Update,api/academicperiods/{id:int},PUT,,,Int32 id default= ;AcademicPeriodUpdateRequestDTO body default= ;CancellationToken ct default= ,Task<ActionResult<ServiceResult<AcademicPeriodListItemDTO>>>,500 unsupported;401/403 authorization,"roles=superadmin,policy=,schemes=;",DIRECT
AuthController,UnifiedAuthController,Register,api/auth/register,POST,IAuthService.RegisterAsync,IUnifiedAuthService.RegisterAsync,RegisterRequest dto default= [Microsoft.AspNetCore.Mvc.FromBodyAttribute()];CancellationToken ct default= ,Task<ActionResult<ServiceResult<AuthResponse>>>,200;400;401;403;404;409;500 (ServiceResult),;,IDENTITY_BOUNDARY
AuthController,UnifiedAuthController,Login,api/auth/login,POST,IAuthService.LoginAsync,IUnifiedAuthService.LoginAsync,LoginRequest dto default= [Microsoft.AspNetCore.Mvc.FromBodyAttribute()];CancellationToken ct default= ,Task<ActionResult<ServiceResult<AuthResponse>>>,200;400;401;403;404;409;500 (ServiceResult),;;anonymous,IDENTITY_BOUNDARY
AuthController,UnifiedAuthController,Refresh,api/auth/refresh,POST,IAuthService.RefreshAsync,IUnifiedAuthService.RefreshAsync,CancellationToken ct default= ,Task<ActionResult<ServiceResult<AuthResponse>>>,200;400;401;403;404;409;500 (ServiceResult),;;anonymous,IDENTITY_BOUNDARY
AuthController,UnifiedAuthController,Logout,api/auth/logout,POST,IAuthService.RevokeAsync,IUnifiedAuthService.RevokeAsync,CancellationToken ct default= ,Task<ActionResult<ServiceResult<NoContent>>>,200;400;401;403;404;409;500 (ServiceResult),";roles=,policy=,schemes=",IDENTITY_BOUNDARY
BudgetsController,UnifiedBudgetsController,Create,api/budgets,POST,IBudgetService.CreateAsync,IUnifiedBudgetService.CreateAsync,CreateBudgetRequestDTO request default= [Microsoft.AspNetCore.Mvc.FromBodyAttribute()];CancellationToken ct default= ,Task<ActionResult<ServiceResult<BudgetDTO>>>,200;400;401;403;404;409;500 (ServiceResult),"roles=superadmin,policy=,schemes=;",DIRECT
BudgetsController,UnifiedBudgetsController,GetById,api/budgets/{id:int},GET,IBudgetService.GetByIdAsync,IUnifiedBudgetService.GetByIdAsync,Int32 id default= ;CancellationToken ct default= ,Task<ActionResult<ServiceResult<BudgetDTO>>>,200;400;401;403;404;409;500 (ServiceResult),"roles=superadmin,policy=,schemes=;",DIRECT
BudgetsController,UnifiedBudgetsController,List,api/budgets,GET,IBudgetService.GetAllAsync,IUnifiedBudgetService.GetAllAsync,CancellationToken ct default= ,Task<ActionResult<ServiceResult<List<BudgetListItemDTO>>>>,200;400;401;403;404;409;500 (ServiceResult),"roles=superadmin,policy=,schemes=;",DIRECT
BudgetsController,UnifiedBudgetsController,GetByProjectId,api/budgets/project/{projectId:int},GET,IBudgetService.GetByProjectIdAsync,IUnifiedBudgetService.GetByProjectIdAsync,Int32 projectId default= ;CancellationToken ct default= ,Task<ActionResult<ServiceResult<List<BudgetDTO>>>>,200;400;401;403;404;409;500 (ServiceResult),"roles=superadmin,policy=,schemes=;",DIRECT
BudgetsController,UnifiedBudgetsController,Update,api/budgets/{id:int},PUT,IBudgetService.UpdateAsync,IUnifiedBudgetService.UpdateAsync,Int32 id default= ;UpdateBudgetRequestDTO request default= [Microsoft.AspNetCore.Mvc.FromBodyAttribute()];CancellationToken ct default= ,Task<ActionResult<ServiceResult<BudgetDTO>>>,200;400;401;403;404;409;500 (ServiceResult),"roles=superadmin,policy=,schemes=;",DIRECT
BudgetsController,UnifiedBudgetsController,Delete,api/budgets/{id:int},DELETE,IBudgetService.DeleteAsync,IUnifiedBudgetService.DeleteAsync,Int32 id default= ;CancellationToken ct default= ,Task<ActionResult<ServiceResult<NoContent>>>,200;400;401;403;404;409;500 (ServiceResult),"roles=superadmin,policy=,schemes=;",DIRECT
BudgetsController,UnifiedBudgetsController,AddCertification,api/budgets/{budgetId:int}/certifications,POST,IBudgetService.AddCertificationAsync,IUnifiedBudgetService.AddCertificationAsync,Int32 budgetId default= ;AddCertificationRequestDTO request default= [Microsoft.AspNetCore.Mvc.FromBodyAttribute()];CancellationToken ct default= ,Task<ActionResult<ServiceResult<BudgetTransactionDTO>>>,200;400;401;403;404;409;500 (ServiceResult),"roles=superadmin,policy=,schemes=;",DIRECT
BudgetsController,UnifiedBudgetsController,ExecuteDevengado,api/budgets/transactions/{transactionId:int}/devengar,POST,IBudgetService.ExecuteDevengadoAsync,IUnifiedBudgetService.ExecuteDevengadoAsync,Int32 transactionId default= ;ExecuteDevengadoRequestDTO request default= [Microsoft.AspNetCore.Mvc.FromBodyAttribute()];CancellationToken ct default= ,Task<ActionResult<ServiceResult<BudgetTransactionDTO>>>,200;400;401;403;404;409;500 (ServiceResult),"roles=superadmin,policy=,schemes=;",DIRECT
BudgetsController,UnifiedBudgetsController,GetTransactions,api/budgets/{budgetId:int}/transactions,GET,IBudgetService.GetTransactionsAsync,IUnifiedBudgetService.GetTransactionsAsync,Int32 budgetId default= ;CancellationToken ct default= ,Task<ActionResult<ServiceResult<List<BudgetTransactionDTO>>>>,200;400;401;403;404;409;500 (ServiceResult),"roles=superadmin,policy=,schemes=;",DIRECT
BudgetsController,UnifiedBudgetsController,CancelTransaction,api/budgets/transactions/{transactionId:int}/cancel,PUT,IBudgetService.CancelTransactionAsync,IUnifiedBudgetService.CancelTransactionAsync,Int32 transactionId default= ;CancellationToken ct default= ,Task<ActionResult<ServiceResult<BudgetTransactionDTO>>>,200;400;401;403;404;409;500 (ServiceResult),"roles=superadmin,policy=,schemes=;",DIRECT
BudgetsController,UnifiedBudgetsController,UpdateTransaction,api/budgets/transactions/{transactionId:int},PUT,IBudgetService.UpdateTransactionAsync,IUnifiedBudgetService.UpdateTransactionAsync,Int32 transactionId default= ;UpdateBudgetTransactionRequestDTO request default= [Microsoft.AspNetCore.Mvc.FromBodyAttribute()];CancellationToken ct default= ,Task<ActionResult<ServiceResult<BudgetTransactionDTO>>>,200;400;401;403;404;409;500 (ServiceResult),"roles=superadmin,policy=,schemes=;",DIRECT
ConvocationsController,UnifiedConvocationsController,GetAll,api/convocations,GET,IConvocationService.ListAsync,IUnifiedConvocationService.ListAsync,CancellationToken ct default= ,Task<ActionResult<ServiceResult<IReadOnlyList<ConvocationListItemResponseDTO>>>>,200;400;401;403;404;409;500 (ServiceResult),"roles=superadmin,policy=,schemes=;",DIRECT
ConvocationsController,UnifiedConvocationsController,GetById,api/convocations/{id:int},GET,IConvocationService.GetByIdAsync,IUnifiedConvocationService.GetByIdAsync,Int32 id default= ;CancellationToken ct default= ,Task<ActionResult<ServiceResult<ConvocationDetailResponseDTO>>>,200;400;401;403;404;409;500 (ServiceResult),"roles=superadmin,policy=,schemes=;",DIRECT
ConvocationsController,UnifiedConvocationsController,Create,api/convocations,POST,IConvocationService.CreateAsync,IUnifiedConvocationService.CreateAsync,ConvocationCreateRequestDTO body default= [Microsoft.AspNetCore.Mvc.FromBodyAttribute()];CancellationToken ct default= ,Task<ActionResult<ServiceResult<ConvocationDetailResponseDTO>>>,200;400;401;403;404;409;500 (ServiceResult),"roles=superadmin,policy=,schemes=;",DIRECT
ConvocationsController,UnifiedConvocationsController,Update,api/convocations/{id:int},PUT,IConvocationService.UpdateAsync,IUnifiedConvocationService.UpdateAsync,Int32 id default= ;ConvocationUpdateRequestDTO body default= [Microsoft.AspNetCore.Mvc.FromBodyAttribute()];CancellationToken ct default= ,Task<ActionResult<ServiceResult<ConvocationDetailResponseDTO>>>,200;400;401;403;404;409;500 (ServiceResult),"roles=superadmin,policy=,schemes=;",DIRECT
ConvocationsController,UnifiedConvocationsController,ActivateExclusive,api/convocations/{id:int}/activate,POST,IConvocationService.ActivateExclusiveAsync,IUnifiedConvocationService.ActivateExclusiveAsync,Int32 id default= ;CancellationToken ct default= ,Task<ActionResult<ServiceResult<NoContent>>>,200;400;401;403;404;409;500 (ServiceResult),"roles=superadmin,policy=,schemes=;",DIRECT
ConvocationsController,UnifiedConvocationsController,AddRule,api/convocations/{id:int}/rules,POST,IConvocationService.AddRuleAsync,IUnifiedConvocationService.AddRuleAsync,Int32 id default= ;ConvocationRuleCreateRequestDTO body default= [Microsoft.AspNetCore.Mvc.FromBodyAttribute()];CancellationToken ct default= ,Task<ActionResult<ServiceResult<ConvocationRuleResponseDTO>>>,200;400;401;403;404;409;500 (ServiceResult),"roles=superadmin,policy=,schemes=;",DIRECT
ConvocationsController,UnifiedConvocationsController,UpdateRule,api/convocations/{id:int}/rules/{ruleId:int},PUT,IConvocationService.UpdateRuleAsync,IUnifiedConvocationService.UpdateRuleAsync,Int32 id default= ;Int32 ruleId default= ;ConvocationRuleUpdateRequestDTO body default= [Microsoft.AspNetCore.Mvc.FromBodyAttribute()];CancellationToken ct default= ,Task<ActionResult<ServiceResult<ConvocationRuleResponseDTO>>>,200;400;401;403;404;409;500 (ServiceResult),"roles=superadmin,policy=,schemes=;",DIRECT
ConvocationsController,UnifiedConvocationsController,RemoveRule,api/convocations/{id:int}/rules/{ruleId:int},DELETE,IConvocationService.RemoveRuleAsync,IUnifiedConvocationService.RemoveRuleAsync,Int32 id default= ;Int32 ruleId default= ;CancellationToken ct default= ,Task<ActionResult<ServiceResult<NoContent>>>,200;400;401;403;404;409;500 (ServiceResult),"roles=superadmin,policy=,schemes=;",DIRECT
CountriesController,UnifiedCountriesController,List,api/countries,GET,ICountryService.ListAsync,IUnifiedCountryService.ListAsync,Boolean onlyActives default=True [Microsoft.AspNetCore.Mvc.FromQueryAttribute()];CancellationToken ct default= ,Task<ActionResult<ServiceResult<IReadOnlyList<CountryListItemDTO>>>>,200;400;401;403;404;409;500 (ServiceResult),"roles=superadmin,policy=,schemes=;",DIRECT
CountriesController,UnifiedCountriesController,GetById,api/countries/{id:int},GET,ICountryService.GetByIdAsync,IUnifiedCountryService.GetByIdAsync,Int32 id default= ;CancellationToken ct default= ,Task<ActionResult<ServiceResult<CountryDetailDTO>>>,200;400;401;403;404;409;500 (ServiceResult),"roles=superadmin,policy=,schemes=;",DIRECT
CountriesController,UnifiedCountriesController,GetKeyValues,api/countries/keyvalues,GET,ICountryService.GetKeyValuesAsync,IUnifiedCountryService.GetKeyValuesAsync,String term default= [Microsoft.AspNetCore.Mvc.FromQueryAttribute()];Nullable<Int32> take default= [Microsoft.AspNetCore.Mvc.FromQueryAttribute()];CancellationToken ct default= ,Task<ActionResult<ServiceResult<List<KeyValueItemDTO>>>>,200;400;401;403;404;409;500 (ServiceResult),"roles=superadmin,policy=,schemes=;",DIRECT
CountriesController,UnifiedCountriesController,Create,api/countries,POST,ICountryService.CreateAsync,IUnifiedCountryService.CreateAsync,AddCountryRequestDTO body default= ;CancellationToken ct default= ,Task<ActionResult<ServiceResult<CountryDetailDTO>>>,200;400;401;403;404;409;500 (ServiceResult),"roles=superadmin,policy=,schemes=;",DIRECT
CountriesController,UnifiedCountriesController,Update,api/countries/{id:int},PUT,ICountryService.UpdateAsync,IUnifiedCountryService.UpdateAsync,Int32 id default= ;UpdateCountryRequestDTO body default= ;CancellationToken ct default= ,Task<ActionResult<ServiceResult<CountryDetailDTO>>>,200;400;401;403;404;409;500 (ServiceResult),"roles=superadmin,policy=,schemes=;",DIRECT
DocumentRecognitionController,UnifiedDocumentRecognitionController,AnalyzeResolution,api/documentrecognition/analyze-resolution,POST,IDocumentRecognitionService.RecognizeResolutionAsync,IUnifiedDocumentRecognitionService.RecognizeResolutionAsync,IFormFile file default= ;CancellationToken ct default= ,Task<ActionResult<ServiceResult<ResolutionInfo>>>,200;400;401;403;404;409;500 (ServiceResult),"roles=superadmin,policy=,schemes=;",DIRECT
DocumentRecognitionController,UnifiedDocumentRecognitionController,AnalyzeDideProject,api/documentrecognition/analyze-dide-project,POST,IDocumentRecognitionService.RecognizeDideProjectAsync,IUnifiedDocumentRecognitionService.RecognizeDideProjectAsync,IFormFile file default= ;CancellationToken ct default= ,Task<ActionResult<ServiceResult<DideProjectFormInfo>>>,200;400;401;403;404;409;500 (ServiceResult),"roles=superadmin,policy=,schemes=;",DIRECT
DocumentsController,UnifiedDocumentsController,Create,api/documents,POST,IDocumentService.UploadAsync,IUnifiedDocumentService.UploadAsync,UploadDocumentRequestDTO request default= [Microsoft.AspNetCore.Mvc.FromFormAttribute()];CancellationToken ct default= ,Task<ActionResult<ServiceResult<DocumentResponseDTO>>>,200;400;401;403;404;409;500 (ServiceResult),"roles=superadmin,policy=,schemes=;",DIRECT
DocumentsController,UnifiedDocumentsController,GetById,api/documents/{id:int},GET,IDocumentService.GetByIdAsync,IUnifiedDocumentService.GetByIdAsync,Int32 id default= ;CancellationToken ct default= ,Task<ActionResult<ServiceResult<DocumentResponseDTO>>>,200;400;401;403;404;409;500 (ServiceResult),"roles=superadmin,policy=,schemes=;",DIRECT
DocumentsController,UnifiedDocumentsController,Update,api/documents/{id:int},PUT,IDocumentService.UpdateAsync,IUnifiedDocumentService.UpdateAsync,Int32 id default= ;UpdateDocumentRequestDTO request default= [Microsoft.AspNetCore.Mvc.FromBodyAttribute()];CancellationToken ct default= ,Task<ActionResult<ServiceResult<DocumentResponseDTO>>>,200;400;401;403;404;409;500 (ServiceResult),"roles=superadmin,policy=,schemes=;",DIRECT
DocumentsController,UnifiedDocumentsController,ReplaceFile,api/documents/{id:int}/file,POST,IDocumentService.ReplaceFileAsync,IUnifiedDocumentService.ReplaceFileAsync,Int32 id default= ;ReplaceDocumentFileRequestDTO request default= [Microsoft.AspNetCore.Mvc.FromFormAttribute()];CancellationToken ct default= ,Task<ActionResult<ServiceResult<DocumentResponseDTO>>>,200;400;401;403;404;409;500 (ServiceResult),"roles=superadmin,policy=,schemes=;",DIRECT
DocumentsController,UnifiedDocumentsController,Delete,api/documents/{id:int},DELETE,IDocumentService.DeleteAsync,IUnifiedDocumentService.DeleteAsync,Int32 id default= ;CancellationToken ct default= ,Task<ActionResult<ServiceResult<Boolean>>>,200;400;401;403;404;409;500 (ServiceResult),"roles=superadmin,policy=,schemes=;",DIRECT
DocumentsController,UnifiedDocumentsController,ViewContent,api/documents/{id:int}/content,GET,IDocumentService.GetContentAsync,IUnifiedDocumentService.GetContentAsync,Int32 id default= ;CancellationToken ct default= ,Task<ActionResult>,200 binary;400;401;403;404;409;500,"roles=superadmin,policy=,schemes=;",DIRECT
DocumentsController,UnifiedDocumentsController,Download,api/documents/{id:int}/download,GET,IDocumentService.GetContentAsync,IUnifiedDocumentService.GetContentAsync,Int32 id default= ;CancellationToken ct default= ,Task<ActionResult>,200 binary;400;401;403;404;409;500,"roles=superadmin,policy=,schemes=;",DIRECT
DocumentTypesController,UnifiedDocumentTypesController,List,api/documenttypes,GET,ICatalogCrudService<TEntity>.ListAsync,IUnifiedCatalogCrudService<TEntity>.ListAsync,CancellationToken ct default= ,Task<ActionResult<ServiceResult<IReadOnlyList<CatalogListItemDTO>>>>,200;400;401;403;404;409;500 (ServiceResult),"roles=,policy=,schemes=;",ADAPTABLE
DocumentTypesController,UnifiedDocumentTypesController,GetById,api/documenttypes/{id:int},GET,ICatalogCrudService<TEntity>.GetByIdAsync,IUnifiedCatalogCrudService<TEntity>.GetByIdAsync,Int32 id default= ;CancellationToken ct default= ,Task<ActionResult<ServiceResult<CatalogDetailDTO>>>,200;400;401;403;404;409;500 (ServiceResult),"roles=,policy=,schemes=;",ADAPTABLE
DocumentTypesController,UnifiedDocumentTypesController,Create,api/documenttypes,POST,ICatalogCrudService<TEntity>.CreateAsync,IUnifiedCatalogCrudService<TEntity>.CreateAsync,AddCatalogRequestDTO request default= [Microsoft.AspNetCore.Mvc.FromBodyAttribute()];CancellationToken ct default= ,Task<ActionResult<ServiceResult<CatalogDetailDTO>>>,200;400;401;403;404;409;500 (ServiceResult),"roles=,policy=,schemes=;",ADAPTABLE
DocumentTypesController,UnifiedDocumentTypesController,Update,api/documenttypes/{id:int},PUT,ICatalogCrudService<TEntity>.UpdateAsync,IUnifiedCatalogCrudService<TEntity>.UpdateAsync,Int32 id default= ;UpdateCatalogRequestDTO request default= [Microsoft.AspNetCore.Mvc.FromBodyAttribute()];CancellationToken ct default= ,Task<ActionResult<ServiceResult<CatalogDetailDTO>>>,200;400;401;403;404;409;500 (ServiceResult),"roles=,policy=,schemes=;",ADAPTABLE
DocumentTypesController,UnifiedDocumentTypesController,Delete,api/documenttypes/{id:int},DELETE,ICatalogCrudService<TEntity>.DeleteAsync,IUnifiedCatalogCrudService<TEntity>.DeleteAsync,Int32 id default= ;CancellationToken ct default= ,Task<ActionResult<ServiceResult<NoContent>>>,200;400;401;403;404;409;500 (ServiceResult),"roles=,policy=,schemes=;",ADAPTABLE
ExportTemplatesController,UnifiedExportTemplatesController,GetFields,api/exporttemplates/fields,GET,IExportTemplateService.ListFieldsAsync,IUnifiedExportTemplateService.ListFieldsAsync,CancellationToken ct default= ,Task<ActionResult<ServiceResult<IReadOnlyList<ExportFieldListItemDTO>>>>,200;400;401;403;404;409;500 (ServiceResult),"roles=superadmin,policy=,schemes=;",DIRECT
ExportTemplatesController,UnifiedExportTemplatesController,GetTemplates,api/exporttemplates,GET,IExportTemplateService.ListTemplatesAsync,IUnifiedExportTemplateService.ListTemplatesAsync,CancellationToken ct default= ,Task<ActionResult<ServiceResult<IReadOnlyList<ExportTemplateListItemDTO>>>>,200;400;401;403;404;409;500 (ServiceResult),"roles=superadmin,policy=,schemes=;",DIRECT
ExportTemplatesController,UnifiedExportTemplatesController,GetTemplate,api/exporttemplates/{id:int},GET,IExportTemplateService.GetTemplateAsync,IUnifiedExportTemplateService.GetTemplateAsync,Int32 id default= ;CancellationToken ct default= ,Task<ActionResult<ServiceResult<ExportTemplateDetailDTO>>>,200;400;401;403;404;409;500 (ServiceResult),"roles=superadmin,policy=,schemes=;",DIRECT
ExportTemplatesController,UnifiedExportTemplatesController,CreateTemplate,api/exporttemplates,POST,IExportTemplateService.CreateTemplateAsync,IUnifiedExportTemplateService.CreateTemplateAsync,ExportTemplateCreateRequestDTO body default= [Microsoft.AspNetCore.Mvc.FromBodyAttribute()];CancellationToken ct default= ,Task<ActionResult<ServiceResult<ExportTemplateDetailDTO>>>,201 success;400;401;403;404;409;500 failure,"roles=superadmin,policy=,schemes=;",DIRECT
ExportTemplatesController,UnifiedExportTemplatesController,UpdateTemplate,api/exporttemplates/{id:int},PUT,IExportTemplateService.UpdateTemplateAsync,IUnifiedExportTemplateService.UpdateTemplateAsync,Int32 id default= ;ExportTemplateUpdateRequestDTO body default= [Microsoft.AspNetCore.Mvc.FromBodyAttribute()];CancellationToken ct default= ,Task<ActionResult<ServiceResult<ExportTemplateDetailDTO>>>,200;400;401;403;404;409;500 (ServiceResult),"roles=superadmin,policy=,schemes=;",DIRECT
ExportTemplatesController,UnifiedExportTemplatesController,DeleteTemplate,api/exporttemplates/{id:int},DELETE,IExportTemplateService.DeleteTemplateAsync,IUnifiedExportTemplateService.DeleteTemplateAsync,Int32 id default= ;CancellationToken ct default= ,Task<ActionResult<ServiceResult<NoContent>>>,200;400;401;403;404;409;500 (ServiceResult),"roles=superadmin,policy=,schemes=;",DIRECT
ExportTemplatesController,UnifiedExportTemplatesController,ExportMatrixToExcel,api/exporttemplates/matrix-excel,POST,IMatrixTemplateExcelExportService.GenerateExcelAsync,IUnifiedMatrixTemplateExcelExportService.GenerateExcelAsync,ExportByTemplateRequestDTO request default= [Microsoft.AspNetCore.Mvc.FromBodyAttribute()];CancellationToken ct default= ,Task<IActionResult>,200 binary;400 (including unexpected);401;403;404;409,"roles=superadmin,policy=,schemes=;",DIRECT
ExternalAcademicsController,UnifiedExternalAcademicsController,GetFacultiesWithPrograms,api/external/externalacademics/faculties,GET,IExternalAcademicsService.GetFacultiesWithProgramsAsync,IExternalAcademicsService.GetFacultiesWithProgramsAsync,CancellationToken ct default= ,Task<ActionResult<ServiceResult<List<ExternalFacultyDTO>>>>,200;400;401;403;404;409;500 (ServiceResult),"roles=superadmin,policy=,schemes=;",DIRECT
ExternalPeriodsController,UnifiedExternalPeriodsController,GetAll,api/external/externalperiods,GET,IExternalPeriodsClient.GetAllAsync,IExternalPeriodsClient.GetAllAsync,CancellationToken ct default= ,Task<ActionResult<ServiceResult<IReadOnlyList<ExternalAcademicPeriodModel>>>>,200;400;401;403;404;409;500 (ServiceResult),"roles=superadmin,policy=,schemes=;",DIRECT
ExternalResearcherProjectsController,UnifiedExternalResearcherProjectsController,GetByProject,api/externalresearcherprojects/by-project/{projectId:int},GET,IExternalResearcherProjectService.ListByProjectAsync,IExternalResearcherProjectService.ListByProjectAsync,Int32 projectId default= ;CancellationToken ct default= ,Task<ActionResult<ServiceResult<IReadOnlyList<ExternalResearcherProjectListItemDTO>>>>,200;400;401;403;404;409;500 (ServiceResult),;,DIRECT
ExternalResearcherProjectsController,UnifiedExternalResearcherProjectsController,GetById,api/externalresearcherprojects/{id:int},GET,IExternalResearcherProjectService.GetByIdAsync,IExternalResearcherProjectService.GetByIdAsync,Int32 id default= ;CancellationToken ct default= ,Task<ActionResult<ServiceResult<ExternalResearcherProjectDetailDTO>>>,200;400;401;403;404;409;500 (ServiceResult),;,DIRECT
ExternalResearcherProjectsController,UnifiedExternalResearcherProjectsController,Create,api/externalresearcherprojects,POST,IExternalResearcherProjectService.CreateAsync,IExternalResearcherProjectService.CreateAsync,ExternalResearcherProjectCreateRequestDTO body default= [Microsoft.AspNetCore.Mvc.FromBodyAttribute()];CancellationToken ct default= ,Task<ActionResult<ServiceResult<ExternalResearcherProjectDetailDTO>>>,200;400;401;403;404;409;500 (ServiceResult),;,DIRECT
ExternalResearcherProjectsController,UnifiedExternalResearcherProjectsController,Update,api/externalresearcherprojects/{id:int},PUT,IExternalResearcherProjectService.UpdateAsync,IExternalResearcherProjectService.UpdateAsync,Int32 id default= ;ExternalResearcherProjectUpdateRequestDTO body default= [Microsoft.AspNetCore.Mvc.FromBodyAttribute()];CancellationToken ct default= ,Task<ActionResult<ServiceResult<ExternalResearcherProjectDetailDTO>>>,200;400;401;403;404;409;500 (ServiceResult),;,DIRECT
ExternalResearchersController,UnifiedExternalResearchersController,List,api/externalresearchers,GET,IExternalResearcherService.ListAsync,IExternalResearcherService.ListAsync,String term default= [Microsoft.AspNetCore.Mvc.FromQueryAttribute()];Nullable<Int32> institutionId default= [Microsoft.AspNetCore.Mvc.FromQueryAttribute()];CancellationToken ct default= ,Task<ActionResult<ServiceResult<IReadOnlyList<ExternalResearcherListItemDTO>>>>,200;400;401;403;404;409;500 (ServiceResult),"roles=superadmin,policy=,schemes=;",DIRECT
ExternalResearchersController,UnifiedExternalResearchersController,GetById,api/externalresearchers/{id:int},GET,IExternalResearcherService.GetByIdAsync,IExternalResearcherService.GetByIdAsync,Int32 id default= ;CancellationToken ct default= ,Task<ActionResult<ServiceResult<ExternalResearcherDetailDTO>>>,200;400;401;403;404;409;500 (ServiceResult),"roles=superadmin,policy=,schemes=;",DIRECT
ExternalResearchersController,UnifiedExternalResearchersController,GetKeyValues,api/externalresearchers/keyvalues,GET,IExternalResearcherService.GetKeyValuesAsync,IExternalResearcherService.GetKeyValuesAsync,String term default= [Microsoft.AspNetCore.Mvc.FromQueryAttribute()];Nullable<Int32> institutionId default= [Microsoft.AspNetCore.Mvc.FromQueryAttribute()];Nullable<Int32> take default= [Microsoft.AspNetCore.Mvc.FromQueryAttribute()];CancellationToken ct default= ,Task<ActionResult<ServiceResult<List<KeyValueItemDTO>>>>,200;400;401;403;404;409;500 (ServiceResult),"roles=superadmin,policy=,schemes=;",DIRECT
ExternalResearchersController,UnifiedExternalResearchersController,Create,api/externalresearchers,POST,IExternalResearcherService.CreateAsync,IExternalResearcherService.CreateAsync,ExternalResearcherCreateRequestDTO body default= ;CancellationToken ct default= ,Task<ActionResult<ServiceResult<ExternalResearcherDetailDTO>>>,200;400;401;403;404;409;500 (ServiceResult),"roles=superadmin,policy=,schemes=;",DIRECT
ExternalResearchersController,UnifiedExternalResearchersController,Update,api/externalresearchers/{id:int},PUT,IExternalResearcherService.UpdateAsync,IExternalResearcherService.UpdateAsync,Int32 id default= ;ExternalResearcherUpdateRequestDTO body default= ;CancellationToken ct default= ,Task<ActionResult<ServiceResult<ExternalResearcherDetailDTO>>>,200;400;401;403;404;409;500 (ServiceResult),"roles=superadmin,policy=,schemes=;",DIRECT
FacultyScopesController,UnifiedFacultyScopesController,GetAll,api/facultyscopes,GET,IFacultyScopeService.GetAllAsync,IUnifiedFacultyScopeService.GetAllAsync,Boolean includeAssignments default=False [Microsoft.AspNetCore.Mvc.FromQueryAttribute()];CancellationToken ct default= ,Task<ActionResult<ServiceResult<IReadOnlyList<FacultyScopeResponseDTO>>>>,200;400;401;403;404;409;500 (ServiceResult),"roles=superadmin,policy=,schemes=;",CONTRACT_CHANGE
FacultyScopesController,UnifiedFacultyScopesController,GetById,api/facultyscopes/{id:int},GET,IFacultyScopeService.GetByIdAsync,IUnifiedFacultyScopeService.GetByIdAsync,Int32 id default= ;Boolean includeAssignments default=False [Microsoft.AspNetCore.Mvc.FromQueryAttribute()];CancellationToken ct default= ,Task<ActionResult<ServiceResult<FacultyScopeResponseDTO>>>,200;400;401;403;404;409;500 (ServiceResult),"roles=superadmin,policy=,schemes=;",CONTRACT_CHANGE
FacultyScopesController,UnifiedFacultyScopesController,Create,api/facultyscopes,POST,IFacultyScopeService.CreateAsync,IUnifiedFacultyScopeService.CreateAsync,CreateFacultyScopeRequestDTO request default= [Microsoft.AspNetCore.Mvc.FromBodyAttribute()];CancellationToken ct default= ,Task<ActionResult<ServiceResult<FacultyScopeResponseDTO>>>,200;400;401;403;404;409;500 (ServiceResult),"roles=superadmin,policy=,schemes=;",CONTRACT_CHANGE
FacultyScopesController,UnifiedFacultyScopesController,Update,api/facultyscopes/{id:int},PUT,IFacultyScopeService.UpdateAsync,IUnifiedFacultyScopeService.UpdateAsync,Int32 id default= ;UpdateFacultyScopeRequestDTO request default= [Microsoft.AspNetCore.Mvc.FromBodyAttribute()];CancellationToken ct default= ,Task<ActionResult<ServiceResult<FacultyScopeResponseDTO>>>,200;400;401;403;404;409;500 (ServiceResult),"roles=superadmin,policy=,schemes=;",CONTRACT_CHANGE
FacultyScopesController,UnifiedFacultyScopesController,SetFaculties,api/facultyscopes/{id:int}/faculties,PUT,IFacultyScopeService.SetFacultiesAsync,IUnifiedFacultyScopeService.SetFacultiesAsync,Int32 id default= ;SetFacultyScopeFacultiesRequestDTO request default= [Microsoft.AspNetCore.Mvc.FromBodyAttribute()];CancellationToken ct default= ,Task<ActionResult<ServiceResult<FacultyScopeResponseDTO>>>,200;400;401;403;404;409;500 (ServiceResult),"roles=superadmin,policy=,schemes=;",CONTRACT_CHANGE
FacultyScopesController,UnifiedFacultyScopesController,Assign,api/facultyscopes/{facultyScopeId:int}/assign,POST,IFacultyScopeService.AssignScopeToUserAsync,IUnifiedFacultyScopeService.AssignScopeToUserAsync,Int32 facultyScopeId default= ;AssignFacultyScopeUserRequestDTO request default= [Microsoft.AspNetCore.Mvc.FromBodyAttribute()];CancellationToken ct default= ,Task<ActionResult<ServiceResult<Boolean>>>,200;400;401;403;404;409;500 (ServiceResult),"roles=superadmin,policy=,schemes=;",IDENTITY_BOUNDARY
FacultyScopesController,UnifiedFacultyScopesController,UnassignScopeFromUser,api/facultyscopes/{id:int}/assign/{userId:int},DELETE,IFacultyScopeService.UnassignScopeFromUserAsync,IUnifiedFacultyScopeService.UnassignScopeFromUserAsync,Int32 id default= ;Int32 userId default= ;CancellationToken ct default= ,Task<ActionResult<ServiceResult<Boolean>>>,200;400;401;403;404;409;500 (ServiceResult),"roles=superadmin,policy=,schemes=;",ADAPTABLE
FacultyScopesController,UnifiedFacultyScopesController,GetAllowedFacultiesForUser,api/facultyscopes/users/{userId:int}/allowed-faculties,GET,IFacultyScopeService.GetAllowedFacultyIdsForUserAsync,IUnifiedFacultyScopeService.GetAllowedFacultyIdsForUserAsync,Int32 userId default= ;CancellationToken ct default= ,Task<ActionResult<ServiceResult<IReadOnlyList<Int32>>>>,200;400;401;403;404;409;500 (ServiceResult),"roles=superadmin,policy=,schemes=;",CONTRACT_CHANGE
FacultyScopesController,UnifiedFacultyScopesController,GetMyAllowedFaculties,api/facultyscopes/me/allowed-faculties,GET,IFacultyScopeService.GetAllowedFacultyIdsForUserAsync,IUnifiedFacultyScopeService.GetAllowedFacultyIdsForUserAsync,CancellationToken ct default= ,Task<ActionResult<ServiceResult<IReadOnlyList<Int32>>>>,200;400;401;403;404;409;500 (ServiceResult),"roles=superadmin,policy=,schemes=;",CONTRACT_CHANGE
FundingTypesController,UnifiedFundingTypesController,List,api/fundingtypes,GET,ICatalogCrudService<TEntity>.ListAsync,IUnifiedCatalogCrudService<TEntity>.ListAsync,CancellationToken ct default= ,Task<ActionResult<ServiceResult<IReadOnlyList<CatalogListItemDTO>>>>,200;400;401;403;404;409;500 (ServiceResult),"roles=,policy=,schemes=;",ADAPTABLE
FundingTypesController,UnifiedFundingTypesController,GetById,api/fundingtypes/{id:int},GET,ICatalogCrudService<TEntity>.GetByIdAsync,IUnifiedCatalogCrudService<TEntity>.GetByIdAsync,Int32 id default= ;CancellationToken ct default= ,Task<ActionResult<ServiceResult<CatalogDetailDTO>>>,200;400;401;403;404;409;500 (ServiceResult),"roles=,policy=,schemes=;",ADAPTABLE
FundingTypesController,UnifiedFundingTypesController,Create,api/fundingtypes,POST,ICatalogCrudService<TEntity>.CreateAsync,IUnifiedCatalogCrudService<TEntity>.CreateAsync,AddCatalogRequestDTO request default= [Microsoft.AspNetCore.Mvc.FromBodyAttribute()];CancellationToken ct default= ,Task<ActionResult<ServiceResult<CatalogDetailDTO>>>,200;400;401;403;404;409;500 (ServiceResult),"roles=,policy=,schemes=;",ADAPTABLE
FundingTypesController,UnifiedFundingTypesController,Update,api/fundingtypes/{id:int},PUT,ICatalogCrudService<TEntity>.UpdateAsync,IUnifiedCatalogCrudService<TEntity>.UpdateAsync,Int32 id default= ;UpdateCatalogRequestDTO request default= [Microsoft.AspNetCore.Mvc.FromBodyAttribute()];CancellationToken ct default= ,Task<ActionResult<ServiceResult<CatalogDetailDTO>>>,200;400;401;403;404;409;500 (ServiceResult),"roles=,policy=,schemes=;",ADAPTABLE
FundingTypesController,UnifiedFundingTypesController,Delete,api/fundingtypes/{id:int},DELETE,ICatalogCrudService<TEntity>.DeleteAsync,IUnifiedCatalogCrudService<TEntity>.DeleteAsync,Int32 id default= ;CancellationToken ct default= ,Task<ActionResult<ServiceResult<NoContent>>>,200;400;401;403;404;409;500 (ServiceResult),"roles=,policy=,schemes=;",ADAPTABLE
GroupsController,UnifiedGroupsController,Create,api/groups,POST,IGroupService.CreateAsync,IUnifiedGroupService.CreateAsync,AddGroupRequestDTO request default= [Microsoft.AspNetCore.Mvc.FromBodyAttribute()];CancellationToken ct default= ,Task<ActionResult<ServiceResult<GroupResponseDTO>>>,200;400;401;403;404;409;500 (ServiceResult),"roles=superadmin,policy=,schemes=;",DIRECT
GroupsController,UnifiedGroupsController,GetById,api/groups/{id:int},GET,IGroupService.GetByIdAsync,IUnifiedGroupService.GetByIdAsync,Int32 id default= ;CancellationToken ct default= ,Task<ActionResult<ServiceResult<GroupResponseDTO>>>,200;400;401;403;404;409;500 (ServiceResult),"roles=superadmin,policy=,schemes=;",DIRECT
GroupsController,UnifiedGroupsController,List,api/groups/type/{type:int},GET,IGroupService.ListAsync,IUnifiedGroupService.ListAsync,Int32 type default= ;CancellationToken ct default= ,Task<ActionResult<ServiceResult<IReadOnlyList<GroupResponseDTO>>>>,200;400;401;403;404;409;500 (ServiceResult),"roles=superadmin,policy=,schemes=;",DIRECT
GroupsController,UnifiedGroupsController,Update,api/groups,PUT,IGroupService.UpdateAsync,IUnifiedGroupService.UpdateAsync,UpdateGroupRequestDTO request default= [Microsoft.AspNetCore.Mvc.FromBodyAttribute()];CancellationToken ct default= ,Task<ActionResult<ServiceResult<GroupResponseDTO>>>,200;400;401;403;404;409;500 (ServiceResult),"roles=superadmin,policy=,schemes=;",DIRECT
GroupsController,UnifiedGroupsController,AddMember,api/groups/members,POST,IGroupService.AddMemberAsync,IUnifiedGroupService.AddMemberAsync,AddGroupMemberRequestDTO request default= [Microsoft.AspNetCore.Mvc.FromBodyAttribute()];CancellationToken ct default= ,Task<ActionResult<ServiceResult<GroupMemberResponseDTO>>>,200;400;401;403;404;409;500 (ServiceResult),"roles=superadmin,policy=,schemes=;",IDENTITY_BOUNDARY
GroupsController,UnifiedGroupsController,RemoveMember,api/groups/{groupId:int}/members/{memberId:int},DELETE,IGroupService.RemoveMemberAsync,IUnifiedGroupService.RemoveMemberAsync,Int32 groupId default= ;Int32 memberId default= ;CancellationToken ct default= ,Task<ActionResult<ServiceResult<NoContent>>>,200;400;401;403;404;409;500 (ServiceResult),"roles=superadmin,policy=,schemes=;",DIRECT
GroupsController,UnifiedGroupsController,GetExternalUsers,api/groups/{groupId:int}/members,GET,IGroupService.GetExternalUsersByGroupAsync,IUnifiedGroupService.GetExternalUsersByGroupAsync,Int32 groupId default= ;CancellationToken ct default= ,Task<ActionResult<ServiceResult<List<ResolvedUserProfileDTO>>>>,200;400;401;403;404;409;500 (ServiceResult),"roles=superadmin,policy=,schemes=;",DIRECT
GroupsController,UnifiedGroupsController,GetByProject,api/groups/by-project/{projectId:int},GET,IGroupService.GetByProjectAsync,IUnifiedGroupService.GetByProjectAsync,Int32 projectId default= ;CancellationToken ct default= ,Task<ActionResult<ServiceResult<IReadOnlyList<GroupResponseDTO>>>>,200;400;401;403;404;409;500 (ServiceResult),"roles=superadmin,policy=,schemes=;",DIRECT
GroupsController,UnifiedGroupsController,GetProjectMembersReport,api/groups/project-members-report/{projectId:int},GET,IGroupService.GetProjectMembersReportAsync,IUnifiedGroupService.GetProjectMembersReportAsync,Int32 projectId default= ;CancellationToken ct default= ,Task<ActionResult<ServiceResult<ProjectMembersReportDTO>>>,200;400;401;403;404;409;500 (ServiceResult),"roles=superadmin,policy=,schemes=;",DIRECT
GroupsController,UnifiedGroupsController,GetAllExternalUsers,api/groups/external-users,GET,IGroupService.GetAllExternalUsersAsync,IUnifiedGroupService.GetAllExternalUsersAsync,CancellationToken ct default= ,Task<ActionResult<ServiceResult<List<ResolvedUserProfileDTO>>>>,200;400;401;403;404;409;500 (ServiceResult),"roles=superadmin,policy=,schemes=;",DIRECT
GroupsController,UnifiedGroupsController,GetExternalUserByAspNetId,api/groups/external-users/by-aspnet/{userId:int},GET,IGroupService.GetExternalUserByAspNetIdAsync,IUnifiedGroupService.GetExternalUserByAspNetIdAsync,Int32 userId default= ;CancellationToken ct default= ,Task<ActionResult<ServiceResult<ResolvedUserProfileDTO>>>,200;400;401;403;404;409;500 (ServiceResult),"roles=superadmin,policy=,schemes=;",DIRECT
GroupsController,UnifiedGroupsController,GetExternalUserByEmail,api/groups/external-users/by-email,GET,IGroupService.GetExternalUserByEmailAsync,IUnifiedGroupService.GetExternalUserByEmailAsync,String email default= [Microsoft.AspNetCore.Mvc.FromQueryAttribute()];CancellationToken ct default= ,Task<ActionResult<ServiceResult<ResolvedUserProfileDTO>>>,200;400;401;403;404;409;500 (ServiceResult),"roles=superadmin,policy=,schemes=;",DIRECT
IndexingSourcesController,UnifiedIndexingSourcesController,List,api/indexingsources,GET,IIndexingSourceService.ListAsync,IUnifiedIndexingSourceService.ListAsync,Boolean onlyActives default=True [Microsoft.AspNetCore.Mvc.FromQueryAttribute()];CancellationToken ct default= ,Task<ActionResult<ServiceResult<IReadOnlyList<IndexingSourceListItemDTO>>>>,200;400;401;403;404;409;500 (ServiceResult),"roles=superadmin,policy=,schemes=;",DIRECT
IndexingSourcesController,UnifiedIndexingSourcesController,GetById,api/indexingsources/{id:int},GET,IIndexingSourceService.GetByIdAsync,IUnifiedIndexingSourceService.GetByIdAsync,Int32 id default= ;CancellationToken ct default= ,Task<ActionResult<ServiceResult<IndexingSourceListItemDTO>>>,200;400;401;403;404;409;500 (ServiceResult),"roles=superadmin,policy=,schemes=;",DIRECT
IndexingSourcesController,UnifiedIndexingSourcesController,GetKeyValues,api/indexingsources/keyvalues,GET,IIndexingSourceService.GetKeyValuesAsync,IUnifiedIndexingSourceService.GetKeyValuesAsync,String term default= [Microsoft.AspNetCore.Mvc.FromQueryAttribute()];Nullable<Int32> take default= [Microsoft.AspNetCore.Mvc.FromQueryAttribute()];CancellationToken ct default= ,Task<ActionResult<ServiceResult<List<KeyValueItemDTO>>>>,200;400;401;403;404;409;500 (ServiceResult),"roles=superadmin,policy=,schemes=;",DIRECT
IndexingSourcesController,UnifiedIndexingSourcesController,Create,api/indexingsources,POST,IIndexingSourceService.CreateAsync,IUnifiedIndexingSourceService.CreateAsync,IndexingSourceCreateRequestDTO body default= ;CancellationToken ct default= ,Task<ActionResult<ServiceResult<IndexingSourceListItemDTO>>>,200;400;401;403;404;409;500 (ServiceResult),"roles=superadmin,policy=,schemes=;",DIRECT
IndexingSourcesController,UnifiedIndexingSourcesController,Update,api/indexingsources/{id:int},PUT,IIndexingSourceService.UpdateAsync,IUnifiedIndexingSourceService.UpdateAsync,Int32 id default= ;IndexingSourceUpdateRequestDTO body default= ;CancellationToken ct default= ,Task<ActionResult<ServiceResult<IndexingSourceListItemDTO>>>,200;400;401;403;404;409;500 (ServiceResult),"roles=superadmin,policy=,schemes=;",DIRECT
InstitutionsController,UnifiedInstitutionsController,List,api/institutions,GET,IInstitutionService.ListAsync,IUnifiedInstitutionService.ListAsync,Boolean onlyActives default=True [Microsoft.AspNetCore.Mvc.FromQueryAttribute()];CancellationToken ct default= ,Task<ActionResult<ServiceResult<IReadOnlyList<InstitutionListItemDTO>>>>,200;400;401;403;404;409;500 (ServiceResult),"roles=superadmin,policy=,schemes=;",DIRECT
InstitutionsController,UnifiedInstitutionsController,GetById,api/institutions/{id:int},GET,IInstitutionService.GetByIdAsync,IUnifiedInstitutionService.GetByIdAsync,Int32 id default= ;CancellationToken ct default= ,Task<ActionResult<ServiceResult<InstitutionDetailDTO>>>,200;400;401;403;404;409;500 (ServiceResult),"roles=superadmin,policy=,schemes=;",DIRECT
InstitutionsController,UnifiedInstitutionsController,GetKeyValues,api/institutions/keyvalues,GET,IInstitutionService.GetKeyValuesAsync,IUnifiedInstitutionService.GetKeyValuesAsync,String term default= [Microsoft.AspNetCore.Mvc.FromQueryAttribute()];Nullable<Int32> take default= [Microsoft.AspNetCore.Mvc.FromQueryAttribute()];CancellationToken ct default= ,Task<ActionResult<ServiceResult<List<KeyValueItemDTO>>>>,200;400;401;403;404;409;500 (ServiceResult),"roles=superadmin,policy=,schemes=;",DIRECT
InstitutionsController,UnifiedInstitutionsController,Create,api/institutions,POST,IInstitutionService.CreateAsync,IUnifiedInstitutionService.CreateAsync,AddInstitutionRequestDTO body default= ;CancellationToken ct default= ,Task<ActionResult<ServiceResult<InstitutionDetailDTO>>>,200;400;401;403;404;409;500 (ServiceResult),"roles=superadmin,policy=,schemes=;",DIRECT
InstitutionsController,UnifiedInstitutionsController,Update,api/institutions/{id:int},PUT,IInstitutionService.UpdateAsync,IUnifiedInstitutionService.UpdateAsync,Int32 id default= ;UpdateInstitutionRequestDTO body default= ;CancellationToken ct default= ,Task<ActionResult<ServiceResult<InstitutionDetailDTO>>>,200;400;401;403;404;409;500 (ServiceResult),"roles=superadmin,policy=,schemes=;",DIRECT
MemberRoleTypesController,UnifiedMemberRoleTypesController,GetAll,api/memberroletypes,GET,IMemberRoleTypeService.ListAsync,IUnifiedMemberRoleTypeService.ListAsync,Boolean onlyActives default=True [Microsoft.AspNetCore.Mvc.FromQueryAttribute()];CancellationToken ct default= ,Task<ActionResult<ServiceResult<IReadOnlyList<MemberRoleTypeListItemDTO>>>>,200;400;401;403;404;409;500 (ServiceResult),"roles=superadmin,policy=,schemes=;",DIRECT
MemberRoleTypesController,UnifiedMemberRoleTypesController,GetById,api/memberroletypes/{id:int},GET,IMemberRoleTypeService.GetByIdAsync,IUnifiedMemberRoleTypeService.GetByIdAsync,Int32 id default= ;CancellationToken ct default= ,Task<ActionResult<ServiceResult<MemberRoleTypeDetailDTO>>>,200;400;401;403;404;409;500 (ServiceResult),"roles=superadmin,policy=,schemes=;",DIRECT
MemberRoleTypesController,UnifiedMemberRoleTypesController,GetKeyValues,api/memberroletypes/key-values,GET,IMemberRoleTypeService.GetKeyValuesAsync,IUnifiedMemberRoleTypeService.GetKeyValuesAsync,String term default= [Microsoft.AspNetCore.Mvc.FromQueryAttribute()];Nullable<Int32> take default= [Microsoft.AspNetCore.Mvc.FromQueryAttribute()];CancellationToken ct default= ,Task<ActionResult<ServiceResult<List<KeyValueItemDTO>>>>,200;400;401;403;404;409;500 (ServiceResult),"roles=superadmin,policy=,schemes=;",DIRECT
MemberRoleTypesController,UnifiedMemberRoleTypesController,Create,api/memberroletypes,POST,IMemberRoleTypeService.CreateAsync,IUnifiedMemberRoleTypeService.CreateAsync,AddMemberRoleTypeRequestDTO request default= [Microsoft.AspNetCore.Mvc.FromBodyAttribute()];CancellationToken ct default= ,Task<ActionResult<ServiceResult<MemberRoleTypeDetailDTO>>>,200;400;401;403;404;409;500 (ServiceResult),"roles=superadmin,policy=,schemes=;",DIRECT
MemberRoleTypesController,UnifiedMemberRoleTypesController,Update,api/memberroletypes/{id:int},PUT,IMemberRoleTypeService.UpdateAsync,IUnifiedMemberRoleTypeService.UpdateAsync,Int32 id default= ;UpdateMemberRoleTypeRequestDTO request default= [Microsoft.AspNetCore.Mvc.FromBodyAttribute()];CancellationToken ct default= ,Task<ActionResult<ServiceResult<MemberRoleTypeDetailDTO>>>,200;400;401;403;404;409;500 (ServiceResult),"roles=superadmin,policy=,schemes=;",DIRECT
ObjectiveActivitiesController,UnifiedObjectiveActivitiesController,GetByObjective,api/objectiveactivities/by-objective/{objectiveId:int},GET,IObjectiveActivityService.ListByObjectiveAsync,IUnifiedObjectiveActivityService.ListByObjectiveAsync,Int32 objectiveId default= ;CancellationToken ct default= ,Task<ActionResult<ServiceResult<IReadOnlyList<ObjectiveActivityListItemDTO>>>>,200;400;401;403;404;409;500 (ServiceResult),"roles=superadmin,policy=,schemes=;",DIRECT
ObjectiveActivitiesController,UnifiedObjectiveActivitiesController,GetById,api/objectiveactivities/{id:int},GET,IObjectiveActivityService.GetByIdAsync,IUnifiedObjectiveActivityService.GetByIdAsync,Int32 id default= ;CancellationToken ct default= ,Task<ActionResult<ServiceResult<ObjectiveActivityDetailDTO>>>,200;400;401;403;404;409;500 (ServiceResult),"roles=superadmin,policy=,schemes=;",DIRECT
ObjectiveActivitiesController,UnifiedObjectiveActivitiesController,Create,api/objectiveactivities,POST,IObjectiveActivityService.CreateAsync,IUnifiedObjectiveActivityService.CreateAsync,AddObjectiveActivityRequestDTO request default= [Microsoft.AspNetCore.Mvc.FromBodyAttribute()];CancellationToken ct default= ,Task<ActionResult<ServiceResult<ObjectiveActivityDetailDTO>>>,200;400;401;403;404;409;500 (ServiceResult),"roles=superadmin,policy=,schemes=;",DIRECT
ObjectiveActivitiesController,UnifiedObjectiveActivitiesController,Update,api/objectiveactivities/{id:int},PUT,IObjectiveActivityService.UpdateAsync,IUnifiedObjectiveActivityService.UpdateAsync,Int32 id default= ;UpdateObjectiveActivityRequestDTO request default= [Microsoft.AspNetCore.Mvc.FromBodyAttribute()];CancellationToken ct default= ,Task<ActionResult<ServiceResult<ObjectiveActivityDetailDTO>>>,200;400;401;403;404;409;500 (ServiceResult),"roles=superadmin,policy=,schemes=;",DIRECT
ObjectiveActivitiesController,UnifiedObjectiveActivitiesController,Delete,api/objectiveactivities/{id:int},DELETE,IObjectiveActivityService.DeleteAsync,IUnifiedObjectiveActivityService.DeleteAsync,Int32 id default= ;CancellationToken ct default= ,Task<ActionResult<ServiceResult<Boolean>>>,200;400;401;403;404;409;500 (ServiceResult),"roles=superadmin,policy=,schemes=;",DIRECT
ObjectiveActivitiesController,UnifiedObjectiveActivitiesController,SetProgress,api/objectiveactivities/{id:int}/progress,PUT,IObjectiveActivityService.SetProgressAsync,IUnifiedObjectiveActivityService.SetProgressAsync,Int32 id default= ;Int32 visitId default= [Microsoft.AspNetCore.Mvc.FromQueryAttribute()];Int32 value default= [Microsoft.AspNetCore.Mvc.FromQueryAttribute()];CancellationToken ct default= ,Task<ActionResult<ServiceResult<Boolean>>>,200;400;401;403;404;409;500 (ServiceResult),"roles=superadmin,policy=,schemes=;",DIRECT
ObjectiveActivityUsersController,UnifiedObjectiveActivityUsersController,GetByActivity,api/objectiveactivityusers/by-activity/{objectiveActivityId:int},GET,IObjectiveActivityUserService.ListByActivityAsync,IUnifiedObjectiveActivityUserService.ListByActivityAsync,Int32 objectiveActivityId default= ;CancellationToken ct default= ,Task<ActionResult<ServiceResult<IReadOnlyList<ObjectiveActivityUserDTO>>>>,200;400;401;403;404;409;500 (ServiceResult),"roles=superadmin,policy=,schemes=;",DIRECT
ObjectiveActivityUsersController,UnifiedObjectiveActivityUsersController,Assign,api/objectiveactivityusers/assign,POST,IObjectiveActivityUserService.AssignAsync,IUnifiedObjectiveActivityUserService.AssignAsync,AssignObjectiveActivityUserRequestDTO request default= [Microsoft.AspNetCore.Mvc.FromBodyAttribute()];CancellationToken ct default= ,Task<ActionResult<ServiceResult<ObjectiveActivityUserDTO>>>,200;400;401;403;404;409;500 (ServiceResult),"roles=superadmin,policy=,schemes=;",DIRECT
ObjectiveActivityUsersController,UnifiedObjectiveActivityUsersController,Update,api/objectiveactivityusers/{id:int},PUT,IObjectiveActivityUserService.UpdateAsync,IUnifiedObjectiveActivityUserService.UpdateAsync,Int32 id default= ;UpdateObjectiveActivityUserRequestDTO request default= [Microsoft.AspNetCore.Mvc.FromBodyAttribute()];CancellationToken ct default= ,Task<ActionResult<ServiceResult<ObjectiveActivityUserDTO>>>,200;400;401;403;404;409;500 (ServiceResult),"roles=superadmin,policy=,schemes=;",DIRECT
ObjectiveActivityUsersController,UnifiedObjectiveActivityUsersController,Unassign,api/objectiveactivityusers/{id:int},DELETE,IObjectiveActivityUserService.UnassignAsync,IUnifiedObjectiveActivityUserService.UnassignAsync,Int32 id default= ;CancellationToken ct default= ,Task<ActionResult<ServiceResult<Boolean>>>,200;400;401;403;404;409;500 (ServiceResult),"roles=superadmin,policy=,schemes=;",DIRECT
ObjectiveTypesController,UnifiedObjectiveTypesController,List,api/objectivetypes,GET,ICatalogCrudService<TEntity>.ListAsync,IUnifiedCatalogCrudService<TEntity>.ListAsync,CancellationToken ct default= ,Task<ActionResult<ServiceResult<IReadOnlyList<CatalogListItemDTO>>>>,200;400;401;403;404;409;500 (ServiceResult),"roles=,policy=,schemes=;",ADAPTABLE
ObjectiveTypesController,UnifiedObjectiveTypesController,GetById,api/objectivetypes/{id:int},GET,ICatalogCrudService<TEntity>.GetByIdAsync,IUnifiedCatalogCrudService<TEntity>.GetByIdAsync,Int32 id default= ;CancellationToken ct default= ,Task<ActionResult<ServiceResult<CatalogDetailDTO>>>,200;400;401;403;404;409;500 (ServiceResult),"roles=,policy=,schemes=;",ADAPTABLE
ObjectiveTypesController,UnifiedObjectiveTypesController,Create,api/objectivetypes,POST,ICatalogCrudService<TEntity>.CreateAsync,IUnifiedCatalogCrudService<TEntity>.CreateAsync,AddCatalogRequestDTO request default= [Microsoft.AspNetCore.Mvc.FromBodyAttribute()];CancellationToken ct default= ,Task<ActionResult<ServiceResult<CatalogDetailDTO>>>,200;400;401;403;404;409;500 (ServiceResult),"roles=,policy=,schemes=;",ADAPTABLE
ObjectiveTypesController,UnifiedObjectiveTypesController,Update,api/objectivetypes/{id:int},PUT,ICatalogCrudService<TEntity>.UpdateAsync,IUnifiedCatalogCrudService<TEntity>.UpdateAsync,Int32 id default= ;UpdateCatalogRequestDTO request default= [Microsoft.AspNetCore.Mvc.FromBodyAttribute()];CancellationToken ct default= ,Task<ActionResult<ServiceResult<CatalogDetailDTO>>>,200;400;401;403;404;409;500 (ServiceResult),"roles=,policy=,schemes=;",ADAPTABLE
ObjectiveTypesController,UnifiedObjectiveTypesController,Delete,api/objectivetypes/{id:int},DELETE,ICatalogCrudService<TEntity>.DeleteAsync,IUnifiedCatalogCrudService<TEntity>.DeleteAsync,Int32 id default= ;CancellationToken ct default= ,Task<ActionResult<ServiceResult<NoContent>>>,200;400;401;403;404;409;500 (ServiceResult),"roles=,policy=,schemes=;",ADAPTABLE
ProductAttributeDefinitionsController,UnifiedProductAttributeDefinitionsController,GetByProductType,api/productattributedefinitions/by-product-type/{productTypeId:int},GET,IProductAttributeDefinitionService.ListByProductTypeAsync,IUnifiedProductAttributeDefinitionService.ListByProductTypeAsync,Int32 productTypeId default= ;CancellationToken ct default= ,Task<ActionResult<ServiceResult<IReadOnlyList<ProductAttributeDefinitionListItemDTO>>>>,200;400;401;403;404;409;500 (ServiceResult),"roles=superadmin,policy=,schemes=;",DIRECT
ProductAttributeDefinitionsController,UnifiedProductAttributeDefinitionsController,GetById,api/productattributedefinitions/{id:int},GET,IProductAttributeDefinitionService.GetByIdAsync,IUnifiedProductAttributeDefinitionService.GetByIdAsync,Int32 id default= ;CancellationToken ct default= ,Task<ActionResult<ServiceResult<ProductAttributeDefinitionDetailDTO>>>,200;400;401;403;404;409;500 (ServiceResult),"roles=superadmin,policy=,schemes=;",DIRECT
ProductAttributeDefinitionsController,UnifiedProductAttributeDefinitionsController,Create,api/productattributedefinitions,POST,IProductAttributeDefinitionService.CreateAsync,IUnifiedProductAttributeDefinitionService.CreateAsync,AddProductAttributeDefinitionRequestDTO dto default= [Microsoft.AspNetCore.Mvc.FromBodyAttribute()];CancellationToken ct default= ,Task<ActionResult<ServiceResult<ProductAttributeDefinitionDetailDTO>>>,200;400;401;403;404;409;500 (ServiceResult),"roles=superadmin,policy=,schemes=;",DIRECT
ProductAttributeDefinitionsController,UnifiedProductAttributeDefinitionsController,Update,api/productattributedefinitions/{id:int},PUT,IProductAttributeDefinitionService.UpdateAsync,IUnifiedProductAttributeDefinitionService.UpdateAsync,Int32 id default= ;UpdateProductAttributeDefinitionRequestDTO dto default= [Microsoft.AspNetCore.Mvc.FromBodyAttribute()];CancellationToken ct default= ,Task<ActionResult<ServiceResult<ProductAttributeDefinitionDetailDTO>>>,200;400;401;403;404;409;500 (ServiceResult),"roles=superadmin,policy=,schemes=;",DIRECT
ProductAttributeDefinitionsController,UnifiedProductAttributeDefinitionsController,Delete,api/productattributedefinitions/{id:int},DELETE,IProductAttributeDefinitionService.DeleteAsync,IUnifiedProductAttributeDefinitionService.DeleteAsync,Int32 id default= ;CancellationToken ct default= ,Task<ActionResult<ServiceResult<Boolean>>>,200;400;401;403;404;409;500 (ServiceResult),"roles=superadmin,policy=,schemes=;",DIRECT
ProductAttributesController,UnifiedProductAttributesController,GetAll,api/productattributes,GET,IProductAttributeService.ListAsync,IUnifiedProductAttributeService.ListAsync,Boolean onlyActives default= [Microsoft.AspNetCore.Mvc.FromQueryAttribute()];CancellationToken ct default= ,Task<ActionResult<ServiceResult<IReadOnlyList<ProductAttributeListItemDTO>>>>,200;400;401;403;404;409;500 (ServiceResult),"roles=superadmin,policy=,schemes=;",DIRECT
ProductAttributesController,UnifiedProductAttributesController,GetById,api/productattributes/{id:int},GET,IProductAttributeService.GetByIdAsync,IUnifiedProductAttributeService.GetByIdAsync,Int32 id default= ;CancellationToken ct default= ,Task<ActionResult<ServiceResult<ProductAttributeDetailDTO>>>,200;400;401;403;404;409;500 (ServiceResult),"roles=superadmin,policy=,schemes=;",DIRECT
ProductAttributesController,UnifiedProductAttributesController,Create,api/productattributes,POST,IProductAttributeService.CreateAsync,IUnifiedProductAttributeService.CreateAsync,AddProductAttributeRequestDTO dto default= [Microsoft.AspNetCore.Mvc.FromBodyAttribute()];CancellationToken ct default= ,Task<ActionResult<ServiceResult<ProductAttributeDetailDTO>>>,200;400;401;403;404;409;500 (ServiceResult),"roles=superadmin,policy=,schemes=;",DIRECT
ProductAttributesController,UnifiedProductAttributesController,Update,api/productattributes/{id:int},PUT,IProductAttributeService.UpdateAsync,IUnifiedProductAttributeService.UpdateAsync,Int32 id default= ;UpdateProductAttributeRequestDTO dto default= [Microsoft.AspNetCore.Mvc.FromBodyAttribute()];CancellationToken ct default= ,Task<ActionResult<ServiceResult<ProductAttributeDetailDTO>>>,200;400;401;403;404;409;500 (ServiceResult),"roles=superadmin,policy=,schemes=;",DIRECT
ProductAttributesController,UnifiedProductAttributesController,Delete,api/productattributes/{id:int},DELETE,IProductAttributeService.DeleteAsync,IUnifiedProductAttributeService.DeleteAsync,Int32 id default= ;CancellationToken ct default= ,Task<ActionResult<ServiceResult<NoContent>>>,200;400;401;403;404;409;500 (ServiceResult),"roles=superadmin,policy=,schemes=;",DIRECT
ProductsController,UnifiedProductsController,GetAll,api/products,GET,IProductService.ListAsync,IUnifiedProductService.ListAsync,CancellationToken ct default= ,Task<ActionResult<ServiceResult<IReadOnlyList<ProductListItemResponseDTO>>>>,200;400;401;403;404;409;500 (ServiceResult),"roles=superadmin,policy=,schemes=;",ADAPTABLE
ProductsController,UnifiedProductsController,GetById,api/products/{id:int},GET,IProductService.GetByIdAsync,IUnifiedProductService.GetByIdAsync,Int32 id default= ;CancellationToken ct default= ,Task<ActionResult<ServiceResult<ProductDetailResponseDTO>>>,200;400;401;403;404;409;500 (ServiceResult),"roles=superadmin,policy=,schemes=;",ADAPTABLE
ProductsController,UnifiedProductsController,GetByProject,api/products/by-project/{projectId:int},GET,IProductService.ListByProjectAsync,IUnifiedProductService.ListByProjectAsync,Int32 projectId default= ;CancellationToken ct default= ,Task<ActionResult<ServiceResult<IReadOnlyList<ProductListItemResponseDTO>>>>,200;400;401;403;404;409;500 (ServiceResult),"roles=superadmin,policy=,schemes=;",ADAPTABLE
ProductsController,UnifiedProductsController,Create,api/products,POST,IProductService.CreateAsync,IUnifiedProductService.CreateAsync,ProductCreateRequestDTO body default= ;CancellationToken ct default= ,Task<ActionResult<ServiceResult<ProductDetailResponseDTO>>>,200;400;401;403;404;409;500 (ServiceResult),"roles=superadmin,policy=,schemes=;",ADAPTABLE
ProductsController,UnifiedProductsController,Update,api/products/{id:int},PUT,IProductService.UpdateAsync,IUnifiedProductService.UpdateAsync,Int32 id default= ;ProductUpdateRequestDTO body default= ;CancellationToken ct default= ,Task<ActionResult<ServiceResult<ProductDetailResponseDTO>>>,200;400;401;403;404;409;500 (ServiceResult),"roles=superadmin,policy=,schemes=;",ADAPTABLE
ProductsController,UnifiedProductsController,Delete,api/products/{id:int},DELETE,IProductService.DeleteAsync,IUnifiedProductService.DeleteAsync,Int32 id default= ;CancellationToken ct default= ,Task<ActionResult<ServiceResult<NoContent>>>,200;400;401;403;404;409;500 (ServiceResult),"roles=superadmin,policy=,schemes=;",DIRECT
ProductTypeDesignController,UnifiedProductTypeDesignController,Get,api/producttypedesign,GET,IProductTypeDesignService.GetDesignAsync,IUnifiedProductTypeDesignService.GetDesignAsync,Nullable<Int32> productTypeId default= ;CancellationToken ct default= ,Task<ActionResult<ServiceResult<ProductTypeDesignDetailDTO>>>,200;400;401;403;404;409;500 (ServiceResult),"roles=superadmin,policy=,schemes=;",DIRECT
ProductTypeDesignController,UnifiedProductTypeDesignController,Get,api/producttypedesign/{productTypeId:int},GET,IProductTypeDesignService.GetDesignAsync,IUnifiedProductTypeDesignService.GetDesignAsync,Nullable<Int32> productTypeId default= ;CancellationToken ct default= ,Task<ActionResult<ServiceResult<ProductTypeDesignDetailDTO>>>,200;400;401;403;404;409;500 (ServiceResult),"roles=superadmin,policy=,schemes=;",DIRECT
ProductTypeDesignController,UnifiedProductTypeDesignController,Save,api/producttypedesign,POST,IProductTypeDesignService.SaveDesignAsync,IUnifiedProductTypeDesignService.SaveDesignAsync,SaveProductTypeDesignRequestDTO request default= [Microsoft.AspNetCore.Mvc.FromBodyAttribute()];CancellationToken ct default= ,Task<ActionResult<ServiceResult<ProductTypeDesignDetailDTO>>>,200;400;401;403;404;409;500 (ServiceResult),"roles=superadmin,policy=,schemes=;",DIRECT
ProductTypesController,UnifiedProductTypesController,List,api/producttypes,GET,ICatalogCrudService<TEntity>.ListAsync,IUnifiedCatalogCrudService<TEntity>.ListAsync,CancellationToken ct default= ,Task<ActionResult<ServiceResult<IReadOnlyList<CatalogListItemDTO>>>>,200;400;401;403;404;409;500 (ServiceResult),"roles=,policy=,schemes=;",ADAPTABLE
ProductTypesController,UnifiedProductTypesController,GetById,api/producttypes/{id:int},GET,ICatalogCrudService<TEntity>.GetByIdAsync,IUnifiedCatalogCrudService<TEntity>.GetByIdAsync,Int32 id default= ;CancellationToken ct default= ,Task<ActionResult<ServiceResult<CatalogDetailDTO>>>,200;400;401;403;404;409;500 (ServiceResult),"roles=,policy=,schemes=;",ADAPTABLE
ProductTypesController,UnifiedProductTypesController,Create,api/producttypes,POST,ICatalogCrudService<TEntity>.CreateAsync,IUnifiedCatalogCrudService<TEntity>.CreateAsync,AddCatalogRequestDTO request default= [Microsoft.AspNetCore.Mvc.FromBodyAttribute()];CancellationToken ct default= ,Task<ActionResult<ServiceResult<CatalogDetailDTO>>>,200;400;401;403;404;409;500 (ServiceResult),"roles=,policy=,schemes=;",ADAPTABLE
ProductTypesController,UnifiedProductTypesController,Update,api/producttypes/{id:int},PUT,ICatalogCrudService<TEntity>.UpdateAsync,IUnifiedCatalogCrudService<TEntity>.UpdateAsync,Int32 id default= ;UpdateCatalogRequestDTO request default= [Microsoft.AspNetCore.Mvc.FromBodyAttribute()];CancellationToken ct default= ,Task<ActionResult<ServiceResult<CatalogDetailDTO>>>,200;400;401;403;404;409;500 (ServiceResult),"roles=,policy=,schemes=;",ADAPTABLE
ProductTypesController,UnifiedProductTypesController,Delete,api/producttypes/{id:int},DELETE,ICatalogCrudService<TEntity>.DeleteAsync,IUnifiedCatalogCrudService<TEntity>.DeleteAsync,Int32 id default= ;CancellationToken ct default= ,Task<ActionResult<ServiceResult<NoContent>>>,200;400;401;403;404;409;500 (ServiceResult),"roles=,policy=,schemes=;",ADAPTABLE
ProjectExtensionsController,UnifiedProjectExtensionsController,GetAll,api/projectextensions,GET,IProjectExtensionService.ListAsync,IUnifiedProjectExtensionService.ListAsync,CancellationToken ct default= ,Task<ActionResult<ServiceResult<IReadOnlyList<ProjectExtensionListResponseDTO>>>>,200;400;401;403;404;409;500 (ServiceResult),"roles=superadmin,policy=,schemes=;",DIRECT
ProjectExtensionsController,UnifiedProjectExtensionsController,GetById,api/projectextensions/{id:int},GET,IProjectExtensionService.GetByIdAsync,IUnifiedProjectExtensionService.GetByIdAsync,Int32 id default= ;CancellationToken ct default= ,Task<ActionResult<ServiceResult<ProjectExtensionListResponseDTO>>>,200;400;401;403;404;409;500 (ServiceResult),"roles=superadmin,policy=,schemes=;",DIRECT
ProjectExtensionsController,UnifiedProjectExtensionsController,GetByProject,api/projectextensions/by-project/{projectId:int},GET,IProjectExtensionService.ListByProjectAsync,IUnifiedProjectExtensionService.ListByProjectAsync,Int32 projectId default= ;CancellationToken ct default= ,Task<ActionResult<ServiceResult<IReadOnlyList<ProjectExtensionListResponseDTO>>>>,200;400;401;403;404;409;500 (ServiceResult),"roles=superadmin,policy=,schemes=;",DIRECT
ProjectExtensionsController,UnifiedProjectExtensionsController,Create,api/projectextensions,POST,IProjectExtensionService.CreateAsync,IUnifiedProjectExtensionService.CreateAsync,AddProjectExtensionRequestDTO body default= ;CancellationToken ct default= ,Task<ActionResult<ServiceResult<ProjectExtensionListResponseDTO>>>,200;400;401;403;404;409;500 (ServiceResult),"roles=superadmin,policy=,schemes=;",DIRECT
ProjectExtensionsController,UnifiedProjectExtensionsController,Update,api/projectextensions/{id:int},PUT,IProjectExtensionService.UpdateAsync,IUnifiedProjectExtensionService.UpdateAsync,Int32 id default= ;UpdateProjectExtensionRequestDTO body default= ;CancellationToken ct default= ,Task<ActionResult<ServiceResult<ProjectExtensionListResponseDTO>>>,200;400;401;403;404;409;500 (ServiceResult),"roles=superadmin,policy=,schemes=;",DIRECT
ProjectExtensionsController,UnifiedProjectExtensionsController,Delete,api/projectextensions/{id:int},DELETE,IProjectExtensionService.DeleteAsync,IUnifiedProjectExtensionService.DeleteAsync,Int32 id default= ;CancellationToken ct default= ,Task<ActionResult<ServiceResult<NoContent>>>,200;400;401;403;404;409;500 (ServiceResult),"roles=superadmin,policy=,schemes=;",DIRECT
ProjectExtensionTypesController,UnifiedProjectExtensionTypesController,List,api/projectextensiontypes,GET,ICatalogCrudService<TEntity>.ListAsync,IUnifiedCatalogCrudService<TEntity>.ListAsync,CancellationToken ct default= ,Task<ActionResult<ServiceResult<IReadOnlyList<CatalogListItemDTO>>>>,200;400;401;403;404;409;500 (ServiceResult),"roles=,policy=,schemes=;",ADAPTABLE
ProjectExtensionTypesController,UnifiedProjectExtensionTypesController,GetById,api/projectextensiontypes/{id:int},GET,ICatalogCrudService<TEntity>.GetByIdAsync,IUnifiedCatalogCrudService<TEntity>.GetByIdAsync,Int32 id default= ;CancellationToken ct default= ,Task<ActionResult<ServiceResult<CatalogDetailDTO>>>,200;400;401;403;404;409;500 (ServiceResult),"roles=,policy=,schemes=;",ADAPTABLE
ProjectExtensionTypesController,UnifiedProjectExtensionTypesController,Create,api/projectextensiontypes,POST,ICatalogCrudService<TEntity>.CreateAsync,IUnifiedCatalogCrudService<TEntity>.CreateAsync,AddCatalogRequestDTO request default= [Microsoft.AspNetCore.Mvc.FromBodyAttribute()];CancellationToken ct default= ,Task<ActionResult<ServiceResult<CatalogDetailDTO>>>,200;400;401;403;404;409;500 (ServiceResult),"roles=,policy=,schemes=;",ADAPTABLE
ProjectExtensionTypesController,UnifiedProjectExtensionTypesController,Update,api/projectextensiontypes/{id:int},PUT,ICatalogCrudService<TEntity>.UpdateAsync,IUnifiedCatalogCrudService<TEntity>.UpdateAsync,Int32 id default= ;UpdateCatalogRequestDTO request default= [Microsoft.AspNetCore.Mvc.FromBodyAttribute()];CancellationToken ct default= ,Task<ActionResult<ServiceResult<CatalogDetailDTO>>>,200;400;401;403;404;409;500 (ServiceResult),"roles=,policy=,schemes=;",ADAPTABLE
ProjectExtensionTypesController,UnifiedProjectExtensionTypesController,Delete,api/projectextensiontypes/{id:int},DELETE,ICatalogCrudService<TEntity>.DeleteAsync,IUnifiedCatalogCrudService<TEntity>.DeleteAsync,Int32 id default= ;CancellationToken ct default= ,Task<ActionResult<ServiceResult<NoContent>>>,200;400;401;403;404;409;500 (ServiceResult),"roles=,policy=,schemes=;",ADAPTABLE
ProjectMatrixController,UnifiedProjectMatrixController,UploadAsync,api/matrix/projects/upload,POST,IProjectMatrixService.UploadAsync,IUnifiedProjectMatrixService.UploadAsync,IFormFile file default= ;CancellationToken ct default= ,Task<ActionResult<ServiceResult<ProjectMatrixUploadSummaryDTO>>>,200;400;401;403;404;409;500 (ServiceResult),"roles=superadmin,policy=,schemes=;",DIRECT
ProjectMatrixController,UnifiedProjectMatrixController,GetFlatReport,api/matrix/projects/flat,GET,IProjectFlatReportService.GetFlatReportAsync,IUnifiedProjectFlatReportService.GetFlatReportAsync,CancellationToken ct default= ,Task<ActionResult<ServiceResult<IReadOnlyList<ProjectFlatReportDTO>>>>,200;400;401;403;404;409;500 (ServiceResult),"roles=superadmin,policy=,schemes=;",DIRECT
ProjectObjectivesController,UnifiedProjectObjectivesController,GetByProject,api/projectobjectives/by-project/{projectId:int},GET,IProjectObjectiveService.ListByProjectAsync,IUnifiedProjectObjectiveService.ListByProjectAsync,Int32 projectId default= ;CancellationToken ct default= ,Task<ActionResult<ServiceResult<IReadOnlyList<ProjectObjectiveListItemDTO>>>>,200;400;401;403;404;409;500 (ServiceResult),"roles=superadmin,policy=,schemes=;",DIRECT
ProjectObjectivesController,UnifiedProjectObjectivesController,GetByProjectWithActivities,api/projectobjectives/by-project/{projectId:int}/with-activities,GET,IProjectObjectiveService.GetByProjectWithActivitiesAsync;IProjectObjectiveService.ListByProjectWithActivitiesAsync,IUnifiedProjectObjectiveService.GetByProjectWithActivitiesAsync;IUnifiedProjectObjectiveService.ListByProjectWithActivitiesAsync,Int32 projectId default= ;CancellationToken ct default= ,Task<ActionResult<ServiceResult<IReadOnlyList<ProjectObjectiveWithActivitiesDTO>>>>,200;400;401;403;404;409;500 (ServiceResult),"roles=superadmin,policy=,schemes=;",DIRECT
ProjectObjectivesController,UnifiedProjectObjectivesController,GetByProjectWithActivitiesByVisit,api/projectobjectives/by-visit/{projectId:int}/{visitId:int}/with-activities,GET,IProjectObjectiveService.ListByProjectWithActivitiesAsync,IUnifiedProjectObjectiveService.ListByProjectWithActivitiesAsync,Int32 projectId default= ;Int32 visitId default= ;CancellationToken ct default= ,Task<ActionResult<ServiceResult<IReadOnlyList<ProjectObjectiveWithActivitiesDTO>>>>,200;400;401;403;404;409;500 (ServiceResult),"roles=superadmin,policy=,schemes=;",DIRECT
ProjectObjectivesController,UnifiedProjectObjectivesController,GetById,api/projectobjectives/{id:int},GET,IProjectObjectiveService.GetByIdAsync,IUnifiedProjectObjectiveService.GetByIdAsync,Int32 id default= ;CancellationToken ct default= ,Task<ActionResult<ServiceResult<ProjectObjectiveDetailDTO>>>,200;400;401;403;404;409;500 (ServiceResult),"roles=superadmin,policy=,schemes=;",DIRECT
ProjectObjectivesController,UnifiedProjectObjectivesController,Create,api/projectobjectives,POST,IProjectObjectiveService.CreateAsync,IUnifiedProjectObjectiveService.CreateAsync,AddProjectObjectiveRequestDTO request default= [Microsoft.AspNetCore.Mvc.FromBodyAttribute()];CancellationToken ct default= ,Task<ActionResult<ServiceResult<ProjectObjectiveDetailDTO>>>,200;400;401;403;404;409;500 (ServiceResult),"roles=superadmin,policy=,schemes=;",DIRECT
ProjectObjectivesController,UnifiedProjectObjectivesController,Update,api/projectobjectives/{id:int},PUT,IProjectObjectiveService.UpdateAsync,IUnifiedProjectObjectiveService.UpdateAsync,Int32 id default= ;UpdateProjectObjectiveRequestDTO request default= [Microsoft.AspNetCore.Mvc.FromBodyAttribute()];CancellationToken ct default= ,Task<ActionResult<ServiceResult<ProjectObjectiveDetailDTO>>>,200;400;401;403;404;409;500 (ServiceResult),"roles=superadmin,policy=,schemes=;",DIRECT
ProjectObjectivesController,UnifiedProjectObjectivesController,Delete,api/projectobjectives/{id:int},DELETE,IProjectObjectiveService.DeleteAsync,IUnifiedProjectObjectiveService.DeleteAsync,Int32 id default= ;CancellationToken ct default= ,Task<ActionResult<ServiceResult<Boolean>>>,200;400;401;403;404;409;500 (ServiceResult),"roles=superadmin,policy=,schemes=;",DIRECT
ProjectOriginTypesController,UnifiedProjectOriginTypesController,List,api/projectorigintypes,GET,ICatalogCrudService<TEntity>.ListAsync,IUnifiedCatalogCrudService<TEntity>.ListAsync,CancellationToken ct default= ,Task<ActionResult<ServiceResult<IReadOnlyList<CatalogListItemDTO>>>>,200;400;401;403;404;409;500 (ServiceResult),"roles=,policy=,schemes=;",ADAPTABLE
ProjectOriginTypesController,UnifiedProjectOriginTypesController,GetById,api/projectorigintypes/{id:int},GET,ICatalogCrudService<TEntity>.GetByIdAsync,IUnifiedCatalogCrudService<TEntity>.GetByIdAsync,Int32 id default= ;CancellationToken ct default= ,Task<ActionResult<ServiceResult<CatalogDetailDTO>>>,200;400;401;403;404;409;500 (ServiceResult),"roles=,policy=,schemes=;",ADAPTABLE
ProjectOriginTypesController,UnifiedProjectOriginTypesController,Create,api/projectorigintypes,POST,ICatalogCrudService<TEntity>.CreateAsync,IUnifiedCatalogCrudService<TEntity>.CreateAsync,AddCatalogRequestDTO request default= [Microsoft.AspNetCore.Mvc.FromBodyAttribute()];CancellationToken ct default= ,Task<ActionResult<ServiceResult<CatalogDetailDTO>>>,200;400;401;403;404;409;500 (ServiceResult),"roles=,policy=,schemes=;",ADAPTABLE
ProjectOriginTypesController,UnifiedProjectOriginTypesController,Update,api/projectorigintypes/{id:int},PUT,ICatalogCrudService<TEntity>.UpdateAsync,IUnifiedCatalogCrudService<TEntity>.UpdateAsync,Int32 id default= ;UpdateCatalogRequestDTO request default= [Microsoft.AspNetCore.Mvc.FromBodyAttribute()];CancellationToken ct default= ,Task<ActionResult<ServiceResult<CatalogDetailDTO>>>,200;400;401;403;404;409;500 (ServiceResult),"roles=,policy=,schemes=;",ADAPTABLE
ProjectOriginTypesController,UnifiedProjectOriginTypesController,Delete,api/projectorigintypes/{id:int},DELETE,ICatalogCrudService<TEntity>.DeleteAsync,IUnifiedCatalogCrudService<TEntity>.DeleteAsync,Int32 id default= ;CancellationToken ct default= ,Task<ActionResult<ServiceResult<NoContent>>>,200;400;401;403;404;409;500 (ServiceResult),"roles=,policy=,schemes=;",ADAPTABLE
ProjectResearchCategoryController,UnifiedProjectResearchCategoryController,GetByProject,api/projectresearchcategory/project/{projectId:int},GET,IProjectResearchCategoryService.ListAsync,IUnifiedProjectResearchCategoryService.ListAsync,Int32 projectId default= ;CancellationToken ct default= ,Task<ActionResult<ServiceResult<List<ProjectResearchCategoryListItemDTO>>>>,200;400;401;403;404;409;500 (ServiceResult),"roles=superadmin,policy=,schemes=;",DIRECT
ProjectResearchCategoryController,UnifiedProjectResearchCategoryController,GetById,api/projectresearchcategory/{id:int},GET,IProjectResearchCategoryService.GetByIdAsync,IUnifiedProjectResearchCategoryService.GetByIdAsync,Int32 id default= ;CancellationToken ct default= ,Task<ActionResult<ServiceResult<ProjectResearchCategoryDetailDTO>>>,200;400;401;403;404;409;500 (ServiceResult),"roles=superadmin,policy=,schemes=;",DIRECT
ProjectResearchCategoryController,UnifiedProjectResearchCategoryController,Create,api/projectresearchcategory,POST,IProjectResearchCategoryService.CreateAsync,IUnifiedProjectResearchCategoryService.CreateAsync,AddProjectResearchCategoryRequestDTO body default= ;CancellationToken ct default= ,Task<ActionResult<ServiceResult<ProjectResearchCategoryDetailDTO>>>,200;400;401;403;404;409;500 (ServiceResult),"roles=superadmin,policy=,schemes=;",DIRECT
ProjectResearchCategoryController,UnifiedProjectResearchCategoryController,Update,api/projectresearchcategory/{id:int},PUT,IProjectResearchCategoryService.UpdateAsync,IUnifiedProjectResearchCategoryService.UpdateAsync,Int32 id default= ;UpdateProjectResearchCategoryRequestDTO body default= ;CancellationToken ct default= ,Task<ActionResult<ServiceResult<ProjectResearchCategoryDetailDTO>>>,200;400;401;403;404;409;500 (ServiceResult),"roles=superadmin,policy=,schemes=;",DIRECT
ProjectResearchCategoryController,UnifiedProjectResearchCategoryController,Delete,api/projectresearchcategory/{id:int},DELETE,IProjectResearchCategoryService.DeleteAsync,IUnifiedProjectResearchCategoryService.DeleteAsync,Int32 id default= ;CancellationToken ct default= ,Task<ActionResult<ServiceResult<NoContent>>>,200;400;401;403;404;409;500 (ServiceResult),"roles=superadmin,policy=,schemes=;",DIRECT
ProjectsController,UnifiedProjectsController,GetAll,api/projects,GET,IProjectService.GetAllAsync,IUnifiedProjectService.GetAllAsync,CancellationToken ct default= ,Task<ActionResult<ServiceResult<List<ProjectListResponseDTO>>>>,200;400;401;403;404;409;500 (ServiceResult),"roles=,policy=,schemes=;roles=coordinador,technical,admin,superadmin,policy=,schemes=",DIRECT
ProjectsController,UnifiedProjectsController,GetById,api/projects/{id:int},GET,IProjectService.GetByIdAsync,IUnifiedProjectService.GetByIdAsync,Int32 id default= ;CancellationToken ct default= ,Task<ActionResult<ServiceResult<ProjectListResponseDTO>>>,200;400;401;403;404;409;500 (ServiceResult),"roles=,policy=,schemes=;roles=coordinador,technical,admin,superadmin,policy=,schemes=",DIRECT
ProjectsController,UnifiedProjectsController,GetByType,api/projects/by-type/{projectTypeId:int},GET,IProjectService.GetByTypeAsync,IUnifiedProjectService.GetByTypeAsync,Int32 projectTypeId default= ;CancellationToken ct default= ,Task<ActionResult<ServiceResult<List<ProjectListResponseDTO>>>>,200;400;401;403;404;409;500 (ServiceResult),"roles=,policy=,schemes=;roles=coordinador,technical,admin,superadmin,policy=,schemes=",DIRECT
ProjectsController,UnifiedProjectsController,GetProjectDetail,api/projects/detail/{projectId:int},GET,IProjectService.GetProjectDetailAsync,IUnifiedProjectService.GetProjectDetailAsync,Int32 projectId default= ;CancellationToken ct default= ,Task<ActionResult<ServiceResult<ProjectDetailResponseDTO>>>,200;400;401;403;404;409;500 (ServiceResult),"roles=,policy=,schemes=;roles=coordinador,technical,admin,superadmin,policy=,schemes=",DIRECT
ProjectsController,UnifiedProjectsController,Create,api/projects,POST,IProjectService.CreateAsync,IUnifiedProjectService.CreateAsync,AddProjectRequestDTO body default= [Microsoft.AspNetCore.Mvc.FromBodyAttribute()];CancellationToken ct default= ,Task<ActionResult<ServiceResult<ProjectListResponseDTO>>>,200;400;401;403;404;409;500 (ServiceResult),"roles=,policy=,schemes=;roles=technical,admin,superadmin,policy=,schemes=",ADAPTABLE
ProjectsController,UnifiedProjectsController,CreateFull,api/projects/full,POST,IProjectService.CreateFullAsync,IUnifiedProjectService.CreateFullAsync,AddProjectFullRequestDTO request default= [Microsoft.AspNetCore.Mvc.FromBodyAttribute()];CancellationToken ct default= ,Task<ActionResult<ServiceResult<ProjectDetailResponseDTO>>>,200;400;401;403;404;409;500 (ServiceResult),"roles=,policy=,schemes=;roles=technical,admin,superadmin,policy=,schemes=",IDENTITY_BOUNDARY
ProjectsController,UnifiedProjectsController,Update,api/projects/{id:int},PUT,IProjectService.UpdateAsync,IUnifiedProjectService.UpdateAsync,Int32 id default= ;UpdateProjectRequestDTO body default= [Microsoft.AspNetCore.Mvc.FromBodyAttribute()];CancellationToken ct default= ,Task<ActionResult<ServiceResult<NoContent>>>,200;400;401;403;404;409;500 (ServiceResult),"roles=,policy=,schemes=;roles=technical,admin,superadmin,policy=,schemes=",DIRECT
ProjectsController,UnifiedProjectsController,Delete,api/projects/{id:int},DELETE,IProjectService.DeleteAsync,IUnifiedProjectService.DeleteAsync,Int32 id default= ;CancellationToken ct default= ,Task<ActionResult<ServiceResult<NoContent>>>,200;400;401;403;404;409;500 (ServiceResult),"roles=,policy=,schemes=;roles=technical,admin,superadmin,policy=,schemes=",DIRECT
ProjectsController,UnifiedProjectsController,UpdateResearchCategories,api/projects/{projectId:int}/research-categories,PUT,IProjectService.UpdateResearchCategoriesAsync,IUnifiedProjectService.UpdateResearchCategoriesAsync,Int32 projectId default= ;UpdateProjectResearchCategoriesRequestDTO request default= [Microsoft.AspNetCore.Mvc.FromBodyAttribute()];CancellationToken ct default= ,Task<ActionResult<ServiceResult<NoContent>>>,200;400;401;403;404;409;500 (ServiceResult),"roles=,policy=,schemes=;roles=technical,admin,superadmin,policy=,schemes=",DIRECT
ProjectsFiltersController,UnifiedProjectsFiltersController,Bootstrap,api/projects/filters/bootstrap,GET,IProjectsFiltersService.GetBootstrapAsync,IUnifiedProjectsFiltersService.GetBootstrapAsync,CancellationToken ct default= ,Task<ActionResult<ServiceResult<ProjectsFilterBootstrapDTO>>>,200;400;401;403;404;409;500 (ServiceResult),"roles=,policy=,schemes=;",DIRECT
ProjectStatesController,UnifiedProjectStatesController,List,api/projectstates,GET,ICatalogCrudService<TEntity>.ListAsync,IUnifiedCatalogCrudService<TEntity>.ListAsync,CancellationToken ct default= ,Task<ActionResult<ServiceResult<IReadOnlyList<CatalogListItemDTO>>>>,200;400;401;403;404;409;500 (ServiceResult),"roles=,policy=,schemes=;",ADAPTABLE
ProjectStatesController,UnifiedProjectStatesController,GetById,api/projectstates/{id:int},GET,ICatalogCrudService<TEntity>.GetByIdAsync,IUnifiedCatalogCrudService<TEntity>.GetByIdAsync,Int32 id default= ;CancellationToken ct default= ,Task<ActionResult<ServiceResult<CatalogDetailDTO>>>,200;400;401;403;404;409;500 (ServiceResult),"roles=,policy=,schemes=;",ADAPTABLE
ProjectStatesController,UnifiedProjectStatesController,Create,api/projectstates,POST,ICatalogCrudService<TEntity>.CreateAsync,IUnifiedCatalogCrudService<TEntity>.CreateAsync,AddCatalogRequestDTO request default= [Microsoft.AspNetCore.Mvc.FromBodyAttribute()];CancellationToken ct default= ,Task<ActionResult<ServiceResult<CatalogDetailDTO>>>,200;400;401;403;404;409;500 (ServiceResult),"roles=,policy=,schemes=;",ADAPTABLE
ProjectStatesController,UnifiedProjectStatesController,Update,api/projectstates/{id:int},PUT,ICatalogCrudService<TEntity>.UpdateAsync,IUnifiedCatalogCrudService<TEntity>.UpdateAsync,Int32 id default= ;UpdateCatalogRequestDTO request default= [Microsoft.AspNetCore.Mvc.FromBodyAttribute()];CancellationToken ct default= ,Task<ActionResult<ServiceResult<CatalogDetailDTO>>>,200;400;401;403;404;409;500 (ServiceResult),"roles=,policy=,schemes=;",ADAPTABLE
ProjectStatesController,UnifiedProjectStatesController,Delete,api/projectstates/{id:int},DELETE,ICatalogCrudService<TEntity>.DeleteAsync,IUnifiedCatalogCrudService<TEntity>.DeleteAsync,Int32 id default= ;CancellationToken ct default= ,Task<ActionResult<ServiceResult<NoContent>>>,200;400;401;403;404;409;500 (ServiceResult),"roles=,policy=,schemes=;",ADAPTABLE
ProjectTypesController,UnifiedProjectTypesController,List,api/projecttypes,GET,ICatalogCrudService<TEntity>.ListAsync,IUnifiedCatalogCrudService<TEntity>.ListAsync,CancellationToken ct default= ,Task<ActionResult<ServiceResult<IReadOnlyList<CatalogListItemDTO>>>>,200;400;401;403;404;409;500 (ServiceResult),"roles=,policy=,schemes=;",ADAPTABLE
ProjectTypesController,UnifiedProjectTypesController,GetById,api/projecttypes/{id:int},GET,ICatalogCrudService<TEntity>.GetByIdAsync,IUnifiedCatalogCrudService<TEntity>.GetByIdAsync,Int32 id default= ;CancellationToken ct default= ,Task<ActionResult<ServiceResult<CatalogDetailDTO>>>,200;400;401;403;404;409;500 (ServiceResult),"roles=,policy=,schemes=;",ADAPTABLE
ProjectTypesController,UnifiedProjectTypesController,Create,api/projecttypes,POST,ICatalogCrudService<TEntity>.CreateAsync,IUnifiedCatalogCrudService<TEntity>.CreateAsync,AddCatalogRequestDTO request default= [Microsoft.AspNetCore.Mvc.FromBodyAttribute()];CancellationToken ct default= ,Task<ActionResult<ServiceResult<CatalogDetailDTO>>>,200;400;401;403;404;409;500 (ServiceResult),"roles=,policy=,schemes=;",ADAPTABLE
ProjectTypesController,UnifiedProjectTypesController,Update,api/projecttypes/{id:int},PUT,ICatalogCrudService<TEntity>.UpdateAsync,IUnifiedCatalogCrudService<TEntity>.UpdateAsync,Int32 id default= ;UpdateCatalogRequestDTO request default= [Microsoft.AspNetCore.Mvc.FromBodyAttribute()];CancellationToken ct default= ,Task<ActionResult<ServiceResult<CatalogDetailDTO>>>,200;400;401;403;404;409;500 (ServiceResult),"roles=,policy=,schemes=;",ADAPTABLE
ProjectTypesController,UnifiedProjectTypesController,Delete,api/projecttypes/{id:int},DELETE,ICatalogCrudService<TEntity>.DeleteAsync,IUnifiedCatalogCrudService<TEntity>.DeleteAsync,Int32 id default= ;CancellationToken ct default= ,Task<ActionResult<ServiceResult<NoContent>>>,200;400;401;403;404;409;500 (ServiceResult),"roles=,policy=,schemes=;",ADAPTABLE
ResearchCategoriesController,UnifiedResearchCategoriesController,GetAll,api/researchcategories,GET,IResearchCategoryService.ListAsync,IUnifiedResearchCategoryService.ListAsync,Boolean onlyActives default=True [Microsoft.AspNetCore.Mvc.FromQueryAttribute()];CancellationToken ct default= ,Task<ActionResult<ServiceResult<IReadOnlyList<ResearchCategoryListItemDTO>>>>,200;400;401;403;404;409;500 (ServiceResult),"roles=superadmin,policy=,schemes=;",DIRECT
ResearchCategoriesController,UnifiedResearchCategoriesController,GetTree,api/researchcategories/tree,GET,IResearchCategoryService.GetTreeAsync,IUnifiedResearchCategoryService.GetTreeAsync,Boolean onlyActives default=True [Microsoft.AspNetCore.Mvc.FromQueryAttribute()];CancellationToken ct default= ,Task<ActionResult<ServiceResult<List<ResearchCategoryTreeItemDTO>>>>,200;400;401;403;404;409;500 (ServiceResult),"roles=superadmin,policy=,schemes=;",DIRECT
ResearchCategoriesController,UnifiedResearchCategoriesController,GetById,api/researchcategories/{id:int},GET,IResearchCategoryService.GetByIdAsync,IUnifiedResearchCategoryService.GetByIdAsync,Int32 id default= ;CancellationToken ct default= ,Task<ActionResult<ServiceResult<ResearchCategoryDetailDTO>>>,200;400;401;403;404;409;500 (ServiceResult),"roles=superadmin,policy=,schemes=;",DIRECT
ResearchCategoriesController,UnifiedResearchCategoriesController,Create,api/researchcategories,POST,IResearchCategoryService.CreateAsync,IUnifiedResearchCategoryService.CreateAsync,AddResearchCategoryRequestDTO body default= [Microsoft.AspNetCore.Mvc.FromBodyAttribute()];CancellationToken ct default= ,Task<ActionResult<ServiceResult<ResearchCategoryDetailDTO>>>,200;400;401;403;404;409;500 (ServiceResult),"roles=superadmin,policy=,schemes=;",DIRECT
ResearchCategoriesController,UnifiedResearchCategoriesController,Update,api/researchcategories/{id:int},PUT,IResearchCategoryService.UpdateAsync,IUnifiedResearchCategoryService.UpdateAsync,Int32 id default= ;UpdateResearchCategoryRequestDTO body default= [Microsoft.AspNetCore.Mvc.FromBodyAttribute()];CancellationToken ct default= ,Task<ActionResult<ServiceResult<ResearchCategoryDetailDTO>>>,200;400;401;403;404;409;500 (ServiceResult),"roles=superadmin,policy=,schemes=;",DIRECT
ResearchCategoriesController,UnifiedResearchCategoriesController,Delete,api/researchcategories/{id:int},DELETE,IResearchCategoryService.DeleteAsync,IUnifiedResearchCategoryService.DeleteAsync,Int32 id default= ;CancellationToken ct default= ,Task<ActionResult<ServiceResult<NoContent>>>,200;400;401;403;404;409;500 (ServiceResult),"roles=superadmin,policy=,schemes=;",DIRECT
ResearchCategoryGroupsController,UnifiedResearchCategoryGroupsController,List,api/researchcategorygroups,GET,ICatalogCrudService<TEntity>.ListAsync,IUnifiedCatalogCrudService<TEntity>.ListAsync,CancellationToken ct default= ,Task<ActionResult<ServiceResult<IReadOnlyList<CatalogListItemDTO>>>>,200;400;401;403;404;409;500 (ServiceResult),"roles=,policy=,schemes=;",ADAPTABLE
ResearchCategoryGroupsController,UnifiedResearchCategoryGroupsController,GetById,api/researchcategorygroups/{id:int},GET,ICatalogCrudService<TEntity>.GetByIdAsync,IUnifiedCatalogCrudService<TEntity>.GetByIdAsync,Int32 id default= ;CancellationToken ct default= ,Task<ActionResult<ServiceResult<CatalogDetailDTO>>>,200;400;401;403;404;409;500 (ServiceResult),"roles=,policy=,schemes=;",ADAPTABLE
ResearchCategoryGroupsController,UnifiedResearchCategoryGroupsController,Create,api/researchcategorygroups,POST,ICatalogCrudService<TEntity>.CreateAsync,IUnifiedCatalogCrudService<TEntity>.CreateAsync,AddCatalogRequestDTO request default= [Microsoft.AspNetCore.Mvc.FromBodyAttribute()];CancellationToken ct default= ,Task<ActionResult<ServiceResult<CatalogDetailDTO>>>,200;400;401;403;404;409;500 (ServiceResult),"roles=,policy=,schemes=;",ADAPTABLE
ResearchCategoryGroupsController,UnifiedResearchCategoryGroupsController,Update,api/researchcategorygroups/{id:int},PUT,ICatalogCrudService<TEntity>.UpdateAsync,IUnifiedCatalogCrudService<TEntity>.UpdateAsync,Int32 id default= ;UpdateCatalogRequestDTO request default= [Microsoft.AspNetCore.Mvc.FromBodyAttribute()];CancellationToken ct default= ,Task<ActionResult<ServiceResult<CatalogDetailDTO>>>,200;400;401;403;404;409;500 (ServiceResult),"roles=,policy=,schemes=;",ADAPTABLE
ResearchCategoryGroupsController,UnifiedResearchCategoryGroupsController,Delete,api/researchcategorygroups/{id:int},DELETE,ICatalogCrudService<TEntity>.DeleteAsync,IUnifiedCatalogCrudService<TEntity>.DeleteAsync,Int32 id default= ;CancellationToken ct default= ,Task<ActionResult<ServiceResult<NoContent>>>,200;400;401;403;404;409;500 (ServiceResult),"roles=,policy=,schemes=;",ADAPTABLE
ResearchCategoryTypeController,UnifiedResearchCategoryTypeController,ListAsync,api/catalog/research-category-types,GET,IResearchCategoryTypeService.ListAsync,IUnifiedResearchCategoryTypeService.ListAsync,Boolean onlyActives default=True [Microsoft.AspNetCore.Mvc.FromQueryAttribute()],Task<ActionResult<ServiceResult<IReadOnlyList<ResearchCategoryTypeListItemDTO>>>>,200;400;401;403;404;409;500 (ServiceResult),;,ADAPTABLE
ResearchCategoryTypeController,UnifiedResearchCategoryTypeController,GetByIdAsync,api/catalog/research-category-types/{id:int},GET,IResearchCategoryTypeService.GetByIdAsync,IUnifiedResearchCategoryTypeService.GetByIdAsync,Int32 id default= ,Task<ActionResult<ServiceResult<ResearchCategoryTypeDetailDTO>>>,200;400;401;403;404;409;500 (ServiceResult),;,ADAPTABLE
ResearchCategoryTypeController,UnifiedResearchCategoryTypeController,CreateAsync,api/catalog/research-category-types,POST,IResearchCategoryTypeService.CreateAsync,IUnifiedResearchCategoryTypeService.CreateAsync,ResearchCategoryTypeCreateRequestDTO dto default= [Microsoft.AspNetCore.Mvc.FromBodyAttribute()],Task<ActionResult<ServiceResult<Int32>>>,200;400;401;403;404;409;500 (ServiceResult),;,ADAPTABLE
ResearchCategoryTypeController,UnifiedResearchCategoryTypeController,UpdateAsync,api/catalog/research-category-types/{id:int},PUT,IResearchCategoryTypeService.UpdateAsync,IUnifiedResearchCategoryTypeService.UpdateAsync,Int32 id default= ;ResearchCategoryTypeUpdateRequestDTO dto default= [Microsoft.AspNetCore.Mvc.FromBodyAttribute()],Task<ActionResult<ServiceResult<Boolean>>>,200;400;401;403;404;409;500 (ServiceResult),;,ADAPTABLE
ResearchCategoryTypeController,UnifiedResearchCategoryTypeController,DeleteAsync,api/catalog/research-category-types/{id:int},DELETE,IResearchCategoryTypeService.DeleteAsync,IUnifiedResearchCategoryTypeService.DeleteAsync,Int32 id default= ,Task<ActionResult<ServiceResult<Boolean>>>,200;400;401;403;404;409;500 (ServiceResult),;,ADAPTABLE
TransactionTypesController,UnifiedTransactionTypesController,List,api/transactiontypes,GET,ICatalogCrudService<TEntity>.ListAsync,IUnifiedCatalogCrudService<TEntity>.ListAsync,CancellationToken ct default= ,Task<ActionResult<ServiceResult<IReadOnlyList<CatalogListItemDTO>>>>,200;400;401;403;404;409;500 (ServiceResult),"roles=,policy=,schemes=;",ADAPTABLE
TransactionTypesController,UnifiedTransactionTypesController,GetById,api/transactiontypes/{id:int},GET,ICatalogCrudService<TEntity>.GetByIdAsync,IUnifiedCatalogCrudService<TEntity>.GetByIdAsync,Int32 id default= ;CancellationToken ct default= ,Task<ActionResult<ServiceResult<CatalogDetailDTO>>>,200;400;401;403;404;409;500 (ServiceResult),"roles=,policy=,schemes=;",ADAPTABLE
TransactionTypesController,UnifiedTransactionTypesController,Create,api/transactiontypes,POST,ICatalogCrudService<TEntity>.CreateAsync,IUnifiedCatalogCrudService<TEntity>.CreateAsync,AddCatalogRequestDTO request default= [Microsoft.AspNetCore.Mvc.FromBodyAttribute()];CancellationToken ct default= ,Task<ActionResult<ServiceResult<CatalogDetailDTO>>>,200;400;401;403;404;409;500 (ServiceResult),"roles=,policy=,schemes=;",ADAPTABLE
TransactionTypesController,UnifiedTransactionTypesController,Update,api/transactiontypes/{id:int},PUT,ICatalogCrudService<TEntity>.UpdateAsync,IUnifiedCatalogCrudService<TEntity>.UpdateAsync,Int32 id default= ;UpdateCatalogRequestDTO request default= [Microsoft.AspNetCore.Mvc.FromBodyAttribute()];CancellationToken ct default= ,Task<ActionResult<ServiceResult<CatalogDetailDTO>>>,200;400;401;403;404;409;500 (ServiceResult),"roles=,policy=,schemes=;",ADAPTABLE
TransactionTypesController,UnifiedTransactionTypesController,Delete,api/transactiontypes/{id:int},DELETE,ICatalogCrudService<TEntity>.DeleteAsync,IUnifiedCatalogCrudService<TEntity>.DeleteAsync,Int32 id default= ;CancellationToken ct default= ,Task<ActionResult<ServiceResult<NoContent>>>,200;400;401;403;404;409;500 (ServiceResult),"roles=,policy=,schemes=;",ADAPTABLE
VisitIssuesController,UnifiedVisitIssuesController,GetById,api/visitissues/{id:int},GET,IVisitIssueService.GetByIdAsync,IUnifiedVisitIssueService.GetByIdAsync,Int32 id default= ;CancellationToken ct default= ,Task<ActionResult<ServiceResult<VisitIssueResponseDTO>>>,200;400;401;403;404;409;500 (ServiceResult),"roles=superadmin,policy=,schemes=;",DIRECT
VisitIssuesController,UnifiedVisitIssuesController,ListByVisit,api/visitissues/by-visit/{visitId:int},GET,IVisitIssueService.ListByVisitAsync,IUnifiedVisitIssueService.ListByVisitAsync,Int32 visitId default= ;CancellationToken ct default= ,Task<ActionResult<ServiceResult<IReadOnlyList<VisitIssueResponseDTO>>>>,200;400;401;403;404;409;500 (ServiceResult),"roles=superadmin,policy=,schemes=;",DIRECT
VisitIssuesController,UnifiedVisitIssuesController,Create,api/visitissues,POST,IVisitIssueService.CreateAsync,IUnifiedVisitIssueService.CreateAsync,VisitIssueCreateRequestDTO body default= [Microsoft.AspNetCore.Mvc.FromBodyAttribute()];CancellationToken ct default= ,Task<ActionResult<ServiceResult<VisitIssueResponseDTO>>>,200;400;401;403;404;409;500 (ServiceResult),"roles=superadmin,policy=,schemes=;",DIRECT
VisitIssuesController,UnifiedVisitIssuesController,Update,api/visitissues/{id:int},PATCH,IVisitIssueService.UpdateAsync,IUnifiedVisitIssueService.UpdateAsync,Int32 id default= ;VisitIssueUpdateRequestDTO body default= [Microsoft.AspNetCore.Mvc.FromBodyAttribute()];CancellationToken ct default= ,Task<ActionResult<ServiceResult<VisitIssueResponseDTO>>>,200;400;401;403;404;409;500 (ServiceResult),"roles=superadmin,policy=,schemes=;",DIRECT
VisitIssuesController,UnifiedVisitIssuesController,Delete,api/visitissues/{id:int},DELETE,IVisitIssueService.DeleteAsync,IUnifiedVisitIssueService.DeleteAsync,Int32 id default= ;CancellationToken ct default= ,Task<ActionResult<ServiceResult<NoContent>>>,200;400;401;403;404;409;500 (ServiceResult),"roles=superadmin,policy=,schemes=;",DIRECT
VisitObjectiveActivityProgressesController,UnifiedVisitObjectiveActivityProgressesController,UpsertSingle,api/visitobjectiveactivityprogresses,PUT,IVisitObjectiveActivityProgressService.UpsertSingleAsync,IUnifiedVisitObjectiveActivityProgressService.UpsertSingleAsync,UpsertSingleVisitObjectiveActivityProgressRequestDTO body default= [Microsoft.AspNetCore.Mvc.FromBodyAttribute()];CancellationToken ct default= ,Task<ActionResult<ServiceResult<VisitObjectiveActivityProgressSingleResponseDTO>>>,200;400;401;403;404;409;500 (ServiceResult),"roles=superadmin,policy=,schemes=;",DIRECT
VisitObjectiveActivityProgressesController,UnifiedVisitObjectiveActivityProgressesController,Delete,api/visitobjectiveactivityprogresses/{id:int},DELETE,IVisitObjectiveActivityProgressService.DeleteAsync,IUnifiedVisitObjectiveActivityProgressService.DeleteAsync,Int32 id default= ;CancellationToken ct default= ,Task<ActionResult<ServiceResult<NoContent>>>,200;400;401;403;404;409;500 (ServiceResult),"roles=superadmin,policy=,schemes=;",DIRECT
VisitsController,UnifiedVisitsController,GetAll,api/visits,GET,IVisitService.ListAsync,IUnifiedVisitService.ListAsync,CancellationToken ct default= ,Task<ActionResult<ServiceResult<IReadOnlyList<VisitListResponseDTO>>>>,200;400;401;403;404;409;500 (ServiceResult),"roles=superadmin,policy=,schemes=;",DIRECT
VisitsController,UnifiedVisitsController,GetById,api/visits/{id:int},GET,IVisitService.GetByIdAsync,IUnifiedVisitService.GetByIdAsync,Int32 id default= ;CancellationToken ct default= ,Task<ActionResult<ServiceResult<VisitListResponseDTO>>>,200;400;401;403;404;409;500 (ServiceResult),"roles=superadmin,policy=,schemes=;",DIRECT
VisitsController,UnifiedVisitsController,GetDetail,api/visits/{id:int}/detail,GET,IVisitService.GetVisitDetailAsync,IUnifiedVisitService.GetVisitDetailAsync,Int32 id default= ;CancellationToken ct default= ,Task<ActionResult<ServiceResult<VisitDetailResponseDTO>>>,200;400;401;403;404;409;500 (ServiceResult),"roles=superadmin,policy=,schemes=;",DIRECT
VisitsController,UnifiedVisitsController,GetByProject,api/visits/by-project/{projectId:int},GET,IVisitService.ListByProjectAsync,IUnifiedVisitService.ListByProjectAsync,Int32 projectId default= ;CancellationToken ct default= ,Task<ActionResult<ServiceResult<IReadOnlyList<VisitListResponseDTO>>>>,200;400;401;403;404;409;500 (ServiceResult),"roles=superadmin,policy=,schemes=;",DIRECT
VisitsController,UnifiedVisitsController,GetByState,api/visits/by-state/{visitStateId:int},GET,IVisitService.ListByStateAsync,IUnifiedVisitService.ListByStateAsync,Int32 visitStateId default= ;CancellationToken ct default= ,Task<ActionResult<ServiceResult<IReadOnlyList<VisitPlannedForExecutionListDTO>>>>,200;400;401;403;404;409;500 (ServiceResult),"roles=superadmin,policy=,schemes=;",DIRECT
VisitsController,UnifiedVisitsController,Create,api/visits,POST,IVisitService.CreateAsync,IUnifiedVisitService.CreateAsync,AddVisitRequestDTO body default= ;CancellationToken ct default= ,Task<ActionResult<ServiceResult<VisitListResponseDTO>>>,200;400;401;403;404;409;500 (ServiceResult),"roles=superadmin,policy=,schemes=;",DIRECT
VisitsController,UnifiedVisitsController,Update,api/visits/{id:int},PUT,IVisitService.UpdateAsync,IUnifiedVisitService.UpdateAsync,Int32 id default= ;UpdateVisitRequestDTO body default= ;CancellationToken ct default= ,Task<ActionResult<ServiceResult<VisitListResponseDTO>>>,200;400;401;403;404;409;500 (ServiceResult),"roles=superadmin,policy=,schemes=;",DIRECT
VisitsController,UnifiedVisitsController,Delete,api/visits/{id:int},DELETE,IVisitService.DeleteAsync,IUnifiedVisitService.DeleteAsync,Int32 id default= ;CancellationToken ct default= ,Task<ActionResult<ServiceResult<NoContent>>>,200;400;401;403;404;409;500 (ServiceResult),"roles=superadmin,policy=,schemes=;",DIRECT
VisitsController,UnifiedVisitsController,Finalize,api/visits/{id:int}/finalize,PUT,IVisitService.FinalizeAsync,IUnifiedVisitService.FinalizeAsync,Int32 id default= ;FinalizeVisitRequestDTO body default= [Microsoft.AspNetCore.Mvc.FromBodyAttribute()];CancellationToken ct default= ,Task<ActionResult<ServiceResult<VisitListResponseDTO>>>,200;400;401;403;404;409;500 (ServiceResult),"roles=superadmin,policy=,schemes=;",DIRECT
VisitsController,UnifiedVisitsController,BulkSchedule,api/visits/bulk/schedule,PUT,IVisitService.BulkScheduleAsync,IUnifiedVisitService.BulkScheduleAsync,BulkScheduleVisitsRequestDTO request default= [Microsoft.AspNetCore.Mvc.FromBodyAttribute()];CancellationToken ct default= ,Task<ActionResult<ServiceResult<NoContent>>>,200;400;401;403;404;409;500 (ServiceResult),"roles=superadmin,policy=,schemes=;",DIRECT
VisitsController,UnifiedVisitsController,GetPlannedForExecution,api/visits/planned-for-execution,GET,IVisitService.ListPlannedForExecutionAsync,IUnifiedVisitService.ListPlannedForExecutionAsync,Nullable<DateOnly> executionDate default= [Microsoft.AspNetCore.Mvc.FromQueryAttribute()];CancellationToken ct default= ,Task<ActionResult<ServiceResult<IReadOnlyList<VisitPlannedForExecutionListDTO>>>>,200;400;401;403;404;409;500 (ServiceResult),"roles=superadmin,policy=,schemes=;",DIRECT
VisitStatesController,UnifiedVisitStatesController,List,api/visitstates,GET,ICatalogCrudService<TEntity>.ListAsync,IUnifiedCatalogCrudService<TEntity>.ListAsync,CancellationToken ct default= ,Task<ActionResult<ServiceResult<IReadOnlyList<CatalogListItemDTO>>>>,200;400;401;403;404;409;500 (ServiceResult),"roles=,policy=,schemes=;",ADAPTABLE
VisitStatesController,UnifiedVisitStatesController,GetById,api/visitstates/{id:int},GET,ICatalogCrudService<TEntity>.GetByIdAsync,IUnifiedCatalogCrudService<TEntity>.GetByIdAsync,Int32 id default= ;CancellationToken ct default= ,Task<ActionResult<ServiceResult<CatalogDetailDTO>>>,200;400;401;403;404;409;500 (ServiceResult),"roles=,policy=,schemes=;",ADAPTABLE
VisitStatesController,UnifiedVisitStatesController,Create,api/visitstates,POST,ICatalogCrudService<TEntity>.CreateAsync,IUnifiedCatalogCrudService<TEntity>.CreateAsync,AddCatalogRequestDTO request default= [Microsoft.AspNetCore.Mvc.FromBodyAttribute()];CancellationToken ct default= ,Task<ActionResult<ServiceResult<CatalogDetailDTO>>>,200;400;401;403;404;409;500 (ServiceResult),"roles=,policy=,schemes=;",ADAPTABLE
VisitStatesController,UnifiedVisitStatesController,Update,api/visitstates/{id:int},PUT,ICatalogCrudService<TEntity>.UpdateAsync,IUnifiedCatalogCrudService<TEntity>.UpdateAsync,Int32 id default= ;UpdateCatalogRequestDTO request default= [Microsoft.AspNetCore.Mvc.FromBodyAttribute()];CancellationToken ct default= ,Task<ActionResult<ServiceResult<CatalogDetailDTO>>>,200;400;401;403;404;409;500 (ServiceResult),"roles=,policy=,schemes=;",ADAPTABLE
VisitStatesController,UnifiedVisitStatesController,Delete,api/visitstates/{id:int},DELETE,ICatalogCrudService<TEntity>.DeleteAsync,IUnifiedCatalogCrudService<TEntity>.DeleteAsync,Int32 id default= ;CancellationToken ct default= ,Task<ActionResult<ServiceResult<NoContent>>>,200;400;401;403;404;409;500 (ServiceResult),"roles=,policy=,schemes=;",ADAPTABLE
