Service,Method,Source,Classification,Status,SaveChangesLines,Repositories,Calls
BudgetService,AddCertificationAsync,tesisproject.backend/Services/Implementations/BudgetService.cs:261,DIRECT,CREATED,308,Budgets;SaveChangesAsync,_uow.Budgets;_uow.SaveChangesAsync
BudgetService,BudgetService,tesisproject.backend/Services/Implementations/BudgetService.cs:28,DIRECT,CREATED,,,
BudgetService,CancelTransactionAsync,tesisproject.backend/Services/Implementations/BudgetService.cs:444,DIRECT,CREATED,498,Budgets;SaveChangesAsync,_uow.Budgets;_uow.SaveChangesAsync
BudgetService,CreateAsync,tesisproject.backend/Services/Implementations/BudgetService.cs:129,DIRECT,CREATED,165,Budgets;Projects;SaveChangesAsync,_uow.Budgets;_uow.Projects;_uow.SaveChangesAsync
BudgetService,DeleteAsync,tesisproject.backend/Services/Implementations/BudgetService.cs:233,DIRECT,CREATED,247,Budgets;SaveChangesAsync,_uow.Budgets;_uow.SaveChangesAsync
BudgetService,ExecuteDevengadoAsync,tesisproject.backend/Services/Implementations/BudgetService.cs:326,DIRECT,CREATED,398,Budgets;SaveChangesAsync,_uow.Budgets;_uow.SaveChangesAsync
BudgetService,FailActorUserNotFound,tesisproject.backend/Services/Implementations/BudgetService.cs:676,DIRECT,CREATED,,,
BudgetService,FailConflict,tesisproject.backend/Services/Implementations/BudgetService.cs:682,DIRECT,CREATED,,,
BudgetService,FailUnauthorized,tesisproject.backend/Services/Implementations/BudgetService.cs:670,DIRECT,CREATED,,,
BudgetService,FailUnexpected,tesisproject.backend/Services/Implementations/BudgetService.cs:688,DIRECT,CREATED,,,
BudgetService,GetAllAsync,tesisproject.backend/Services/Implementations/BudgetService.cs:38,DIRECT,CREATED,,Budgets,_uow.Budgets
BudgetService,GetByIdAsync,tesisproject.backend/Services/Implementations/BudgetService.cs:72,DIRECT,CREATED,,Budgets,_uow.Budgets
BudgetService,GetByProjectIdAsync,tesisproject.backend/Services/Implementations/BudgetService.cs:94,DIRECT,CREATED,,Budgets,_uow.Budgets
BudgetService,GetExistingActorUserIdAsync,tesisproject.backend/Services/Implementations/BudgetService.cs:663,DIRECT,CREATED,,AppUsers,_currentUser.GetRequiredUserId;_uow.AppUsers
BudgetService,GetTransactionsAsync,tesisproject.backend/Services/Implementations/BudgetService.cs:418,DIRECT,CREATED,,Budgets,_uow.Budgets
BudgetService,Map,tesisproject.backend/Services/Implementations/BudgetService.cs:731,DIRECT,CREATED,,,
BudgetService,MapToDTO,tesisproject.backend/Services/Implementations/BudgetService.cs:718,DIRECT,CREATED,,,
BudgetService,UpdateAsync,tesisproject.backend/Services/Implementations/BudgetService.cs:185,DIRECT,CREATED,215,Budgets;SaveChangesAsync,_uow.Budgets;_uow.SaveChangesAsync
BudgetService,UpdateTransactionAsync,tesisproject.backend/Services/Implementations/BudgetService.cs:514,DIRECT,CREATED,641,Budgets;SaveChangesAsync,_uow.Budgets;_uow.SaveChangesAsync
BudgetService,ValidationFailure,tesisproject.backend/Services/Implementations/BudgetService.cs:694,DIRECT,CREATED,,,
CatalogCrudService,CatalogCrudService,tesisproject.backend/Services/Implementations/CatalogCrudService.cs:38,ADAPTABLE,CREATED,,,
CatalogCrudService,CreateAsync,tesisproject.backend/Services/Implementations/CatalogCrudService.cs:110,ADAPTABLE,CREATED,141,SaveChangesAsync,_repo.AddAsync;_repo.NameExistsAsync;_uow.SaveChangesAsync
CatalogCrudService,DeleteAsync,tesisproject.backend/Services/Implementations/CatalogCrudService.cs:285,ADAPTABLE,CREATED,317,SaveChangesAsync,_repo.GetByIdAsync;_repo.Remove;_uow.SaveChangesAsync
CatalogCrudService,FailConflict,tesisproject.backend/Services/Implementations/CatalogCrudService.cs:347,ADAPTABLE,CREATED,,,
CatalogCrudService,FailUnexpected,tesisproject.backend/Services/Implementations/CatalogCrudService.cs:353,ADAPTABLE,CREATED,,,
CatalogCrudService,GetByIdAsync,tesisproject.backend/Services/Implementations/CatalogCrudService.cs:75,ADAPTABLE,CREATED,,,_repo.GetByIdAsync
CatalogCrudService,ListAsync,tesisproject.backend/Services/Implementations/CatalogCrudService.cs:46,ADAPTABLE,CREATED,,,_repo.ListAsync
CatalogCrudService,MapToDetail,tesisproject.backend/Services/Implementations/CatalogCrudService.cs:393,ADAPTABLE,CREATED,,,
CatalogCrudService,MapToListItem,tesisproject.backend/Services/Implementations/CatalogCrudService.cs:385,ADAPTABLE,CREATED,,,
CatalogCrudService,SaveAndOkAsync,tesisproject.backend/Services/Implementations/CatalogCrudService.cs:334,ADAPTABLE,CREATED,340,SaveChangesAsync,_repo.Update;_uow.SaveChangesAsync
CatalogCrudService,UpdateAsync,tesisproject.backend/Services/Implementations/CatalogCrudService.cs:159,ADAPTABLE,CREATED,261,SaveChangesAsync,_repo.AddAsync;_repo.GetByIdAsync;_repo.HasReferencesAsync;_repo.ListAsync;_repo.NameExistsAsync;_repo.Update;_uow.SaveChangesAsync
CatalogCrudService,ValidationFailure,tesisproject.backend/Services/Implementations/CatalogCrudService.cs:359,ADAPTABLE,CREATED,,,
CatalogQueryService,CatalogQueryService,tesisproject.backend/Services/Implementations/CatalogQueryService.cs:25,ADAPTABLE,CREATED,,,
CatalogQueryService,GetKeyValuesAsync,tesisproject.backend/Services/Implementations/CatalogQueryService.cs:30,ADAPTABLE,CREATED,,,_sp.GetRequiredService
ConvocationService,ActivateExclusiveAsync,tesisproject.backend/Services/Implementations/ConvocationService.cs:243,DIRECT,CREATED,267,Convocations;SaveChangesAsync,_uow.Convocations;_uow.SaveChangesAsync
ConvocationService,AddRuleAsync,tesisproject.backend/Services/Implementations/ConvocationService.cs:286,DIRECT,CREATED,325,Convocations;SaveChangesAsync,_uow.Convocations;_uow.SaveChangesAsync
ConvocationService,ConvocationService,tesisproject.backend/Services/Implementations/ConvocationService.cs:28,DIRECT,CREATED,,,
ConvocationService,CreateAsync,tesisproject.backend/Services/Implementations/ConvocationService.cs:34,DIRECT,CREATED,68;71,Convocations;SaveChangesAsync,_uow.Convocations;_uow.SaveChangesAsync
ConvocationService,FailConflict,tesisproject.backend/Services/Implementations/ConvocationService.cs:435,DIRECT,CREATED,,,
ConvocationService,FailOperationCanceled,tesisproject.backend/Services/Implementations/ConvocationService.cs:447,DIRECT,CREATED,,,
ConvocationService,FailUnexpected,tesisproject.backend/Services/Implementations/ConvocationService.cs:441,DIRECT,CREATED,,,
ConvocationService,GetByIdAsync,tesisproject.backend/Services/Implementations/ConvocationService.cs:103,DIRECT,CREATED,,Convocations,_uow.Convocations
ConvocationService,ListAsync,tesisproject.backend/Services/Implementations/ConvocationService.cs:143,DIRECT,CREATED,,Convocations,_uow.Convocations
ConvocationService,MapRuleToDTO,tesisproject.backend/Services/Implementations/ConvocationService.cs:499,DIRECT,CREATED,,,
ConvocationService,MapToDetailDTO,tesisproject.backend/Services/Implementations/ConvocationService.cs:490,DIRECT,CREATED,,,
ConvocationService,MapToListDTO,tesisproject.backend/Services/Implementations/ConvocationService.cs:481,DIRECT,CREATED,,,
ConvocationService,RemoveRuleAsync,tesisproject.backend/Services/Implementations/ConvocationService.cs:395,DIRECT,CREATED,412,Convocations;SaveChangesAsync,_uow.Convocations;_uow.SaveChangesAsync
ConvocationService,UpdateAsync,tesisproject.backend/Services/Implementations/ConvocationService.cs:180,DIRECT,CREATED,220,Convocations;SaveChangesAsync,_uow.Convocations;_uow.SaveChangesAsync
ConvocationService,UpdateRuleAsync,tesisproject.backend/Services/Implementations/ConvocationService.cs:344,DIRECT,CREATED,376,Convocations;SaveChangesAsync,_uow.Convocations;_uow.SaveChangesAsync
ConvocationService,ValidationFailure,tesisproject.backend/Services/Implementations/ConvocationService.cs:453,DIRECT,CREATED,,,
CountryService,CountryService,tesisproject.backend/Services/Implementations/CountryService.cs:17,DIRECT,CREATED,,,
CountryService,CreateAsync,tesisproject.backend/Services/Implementations/CountryService.cs:107,DIRECT,CREATED,171,Countries;SaveChangesAsync,_uow.Countries;_uow.SaveChangesAsync
CountryService,FailConflict,tesisproject.backend/Services/Implementations/CountryService.cs:275,DIRECT,CREATED,,,
CountryService,FailOperationCanceled,tesisproject.backend/Services/Implementations/CountryService.cs:287,DIRECT,CREATED,,,
CountryService,FailUnexpected,tesisproject.backend/Services/Implementations/CountryService.cs:281,DIRECT,CREATED,,,
CountryService,GetByIdAsync,tesisproject.backend/Services/Implementations/CountryService.cs:50,DIRECT,CREATED,,Countries,_uow.Countries
CountryService,GetKeyValuesAsync,tesisproject.backend/Services/Implementations/CountryService.cs:85,DIRECT,CREATED,,Countries,_uow.Countries
CountryService,ListAsync,tesisproject.backend/Services/Implementations/CountryService.cs:24,DIRECT,CREATED,,Countries,_uow.Countries
CountryService,MapToDetail,tesisproject.backend/Services/Implementations/CountryService.cs:326,DIRECT,CREATED,,,
CountryService,MapToListItem,tesisproject.backend/Services/Implementations/CountryService.cs:317,DIRECT,CREATED,,,
CountryService,UpdateAsync,tesisproject.backend/Services/Implementations/CountryService.cs:189,DIRECT,CREATED,255,Countries;SaveChangesAsync,_uow.Countries;_uow.SaveChangesAsync
CountryService,ValidationFailure,tesisproject.backend/Services/Implementations/CountryService.cs:293,DIRECT,CREATED,,,
DocumentRecognitionService,DocumentRecognitionService,tesisproject.backend/Services/Implementations/DocumentRecognitionService.cs:29,DIRECT,CREATED,,,
DocumentRecognitionService,EnrichResearchersWithExternalDirectoryAsync,tesisproject.backend/Services/Implementations/DocumentRecognitionService.cs:208,EXTERNAL_BOUNDARY,CREATED,,,_distributivos.GetDistributivosByCorreosAsync;_externalDirectory.GetByEmailsAsync;_logger.LogWarning;_periods.GetAllAsync
DocumentRecognitionService,ExtractDideProjectDataAsync,tesisproject.backend/Services/Implementations/DocumentRecognitionService.cs:154,DIRECT,CREATED,,,
DocumentRecognitionService,ExtractResolutionDataAsync,tesisproject.backend/Services/Implementations/DocumentRecognitionService.cs:123,DIRECT,CREATED,,,
DocumentRecognitionService,FailOperationCanceled,tesisproject.backend/Services/Implementations/DocumentRecognitionService.cs:419,DIRECT,CREATED,,,
DocumentRecognitionService,FailUnexpected,tesisproject.backend/Services/Implementations/DocumentRecognitionService.cs:413,DIRECT,CREATED,,,
DocumentRecognitionService,RecognizeDideProjectAsync,tesisproject.backend/Services/Implementations/DocumentRecognitionService.cs:86,DIRECT,CREATED,,,_logger.LogError;_logger.LogWarning
DocumentRecognitionService,RecognizeResolutionAsync,tesisproject.backend/Services/Implementations/DocumentRecognitionService.cs:50,DIRECT,CREATED,,,_logger.LogError;_logger.LogWarning
DocumentRecognitionService,ResolveInvestigationTypeAsync,tesisproject.backend/Services/Implementations/DocumentRecognitionService.cs:298,DIRECT,CREATED,,,_logger.LogWarning;_opt.ProjectTypeSimilarityThreshold;_projectTypeService.ListAsync
DocumentRecognitionService,ResolveMemberRolesAsync,tesisproject.backend/Services/Implementations/DocumentRecognitionService.cs:349,DIRECT,CREATED,,,_logger.LogWarning;_memberRoleTypeService.ListAsync;_opt.MemberRoleSimilarityThreshold
DocumentRecognitionService,ValidationFailure,tesisproject.backend/Services/Implementations/DocumentRecognitionService.cs:425,DIRECT,CREATED,,,
DocumentService,BuildNewFilePath,tesisproject.backend/Services/Implementations/DocumentService.cs:508,DIRECT,CREATED,,,
DocumentService,DeleteAsync,tesisproject.backend/Services/Implementations/DocumentService.cs:222,DIRECT,CREATED,240,Documents;SaveChangesAsync,_uow.Documents;_uow.SaveChangesAsync
DocumentService,DocumentService,tesisproject.backend/Services/Implementations/DocumentService.cs:29,DIRECT,CREATED,,,
DocumentService,FailActorUserNotFound,tesisproject.backend/Services/Implementations/DocumentService.cs:411,DIRECT,CREATED,,,
DocumentService,FailConflict,tesisproject.backend/Services/Implementations/DocumentService.cs:417,DIRECT,CREATED,,,
DocumentService,FailOperationCanceled,tesisproject.backend/Services/Implementations/DocumentService.cs:429,DIRECT,CREATED,,,
DocumentService,FailUnauthorized,tesisproject.backend/Services/Implementations/DocumentService.cs:405,DIRECT,CREATED,,,
DocumentService,FailUnexpected,tesisproject.backend/Services/Implementations/DocumentService.cs:423,DIRECT,CREATED,,,
DocumentService,GetByIdAsync,tesisproject.backend/Services/Implementations/DocumentService.cs:43,DIRECT,CREATED,,Documents,_uow.Documents
DocumentService,GetContentAsync,tesisproject.backend/Services/Implementations/DocumentService.cs:260,DIRECT,CREATED,,Documents,_contentTypeProvider.TryGetContentType;_uow.Documents
DocumentService,GetExistingActorUserIdAsync,tesisproject.backend/Services/Implementations/DocumentService.cs:398,DIRECT,CREATED,,AppUsers,_currentUser.GetRequiredUserId;_uow.AppUsers
DocumentService,Map,tesisproject.backend/Services/Implementations/DocumentService.cs:472,DIRECT,CREATED,,,
DocumentService,ReplaceFileAsync,tesisproject.backend/Services/Implementations/DocumentService.cs:129,DIRECT,CREATED,181,Documents;SaveChangesAsync,_uow.Documents;_uow.SaveChangesAsync
DocumentService,ResolvePhysicalPath,tesisproject.backend/Services/Implementations/DocumentService.cs:490,DIRECT,CREATED,,,_storageRootFullPath.TrimEnd
DocumentService,TryDeleteFile,tesisproject.backend/Services/Implementations/DocumentService.cs:459,DIRECT,CREATED,,,
DocumentService,UpdateAsync,tesisproject.backend/Services/Implementations/DocumentService.cs:70,DIRECT,CREATED,106,Documents;SaveChangesAsync,_uow.Documents;_uow.SaveChangesAsync
DocumentService,UploadAsync,tesisproject.backend/Services/Implementations/DocumentService.cs:302,DIRECT,CREATED,360,Documents;SaveChangesAsync,_uow.Documents;_uow.SaveChangesAsync
DocumentService,ValidationFailure,tesisproject.backend/Services/Implementations/DocumentService.cs:435,DIRECT,CREATED,,,
ExportTemplateExcelService,BuildColumnResolvers,tesisproject.backend/Services/Implementations/ExportTemplateExcelService.cs:193,DIRECT,CREATED,,,_logger.LogDebug
ExportTemplateExcelService,ExportTemplateExcelService,tesisproject.backend/Services/Implementations/ExportTemplateExcelService.cs:79,DIRECT,CREATED,,,
ExportTemplateExcelService,FormatDate,tesisproject.backend/Services/Implementations/ExportTemplateExcelService.cs:371,DIRECT,CREATED,,,
ExportTemplateExcelService,FormatNumber,tesisproject.backend/Services/Implementations/ExportTemplateExcelService.cs:263,DIRECT,CREATED,,,
ExportTemplateExcelService,GenerateExcelAsync,tesisproject.backend/Services/Implementations/ExportTemplateExcelService.cs:87,LOGIC_CHANGE,TODO_LOGIC,,,_flatService.GetFlatReportAsync;_logger.LogError
ExportTemplateExcelService,GenerateExcelInternal,tesisproject.backend/Services/Implementations/ExportTemplateExcelService.cs:148,DIRECT,CREATED,,,
ExportTemplateExcelService,GetBudgetCertifiedSummary,tesisproject.backend/Services/Implementations/ExportTemplateExcelService.cs:284,DIRECT,CREATED,,,
ExportTemplateExcelService,GetBudgetExecutedSummary,tesisproject.backend/Services/Implementations/ExportTemplateExcelService.cs:290,DIRECT,CREATED,,,
ExportTemplateExcelService,GetBudgetFundingTypesSummary,tesisproject.backend/Services/Implementations/ExportTemplateExcelService.cs:278,DIRECT,CREATED,,,
ExportTemplateExcelService,GetBudgetInitialSummary,tesisproject.backend/Services/Implementations/ExportTemplateExcelService.cs:272,DIRECT,CREATED,,,
ExportTemplateExcelService,GetExternalInstitutionsSummary,tesisproject.backend/Services/Implementations/ExportTemplateExcelService.cs:314,DIRECT,CREATED,,,
ExportTemplateExcelService,GetExternalNamesSummary,tesisproject.backend/Services/Implementations/ExportTemplateExcelService.cs:308,DIRECT,CREATED,,,
ExportTemplateExcelService,GetProductTitlesSummary,tesisproject.backend/Services/Implementations/ExportTemplateExcelService.cs:296,DIRECT,CREATED,,,
ExportTemplateExcelService,GetProductTypesSummary,tesisproject.backend/Services/Implementations/ExportTemplateExcelService.cs:302,DIRECT,CREATED,,,
ExportTemplateExcelService,GetSenescytNamesSummary,tesisproject.backend/Services/Implementations/ExportTemplateExcelService.cs:320,DIRECT,CREATED,,,
ExportTemplateExcelService,JoinNonEmpty,tesisproject.backend/Services/Implementations/ExportTemplateExcelService.cs:248,DIRECT,CREATED,,,
ExportTemplateExcelService,JoinPipe,tesisproject.backend/Services/Implementations/ExportTemplateExcelService.cs:245,DIRECT,CREATED,,,
ExportTemplateExcelService,ResolveObjetivosBundle,tesisproject.backend/Services/Implementations/ExportTemplateExcelService.cs:326,DIRECT,CREATED,,,
ExportTemplateExcelService,ResolveResearchCategoriesBundle,tesisproject.backend/Services/Implementations/ExportTemplateExcelService.cs:358,DIRECT,CREATED,,,
ExportTemplateExcelService,ValidationFailure,tesisproject.backend/Services/Implementations/ExportTemplateExcelService.cs:221,DIRECT,CREATED,,,
ExportTemplateService,BuildColumnsEntitiesAsync,tesisproject.backend/Services/Implementations/ExportTemplateService.cs:268,DIRECT,CREATED,,,_logger.LogWarning
ExportTemplateService,CreateTemplateAsync,tesisproject.backend/Services/Implementations/ExportTemplateService.cs:88,DIRECT,CREATED,120;126,SaveChangesAsync,_uow.SaveChangesAsync
ExportTemplateService,DeleteTemplateAsync,tesisproject.backend/Services/Implementations/ExportTemplateService.cs:178,DIRECT,CREATED,194,SaveChangesAsync,_uow.SaveChangesAsync
ExportTemplateService,ExportTemplateService,tesisproject.backend/Services/Implementations/ExportTemplateService.cs:24,DIRECT,CREATED,,,
ExportTemplateService,GetTemplateAsync,tesisproject.backend/Services/Implementations/ExportTemplateService.cs:74,DIRECT,CREATED,,,
ExportTemplateService,InvalidId,tesisproject.backend/Services/Implementations/ExportTemplateService.cs:203,DIRECT,CREATED,,,
ExportTemplateService,KeyRequired,tesisproject.backend/Services/Implementations/ExportTemplateService.cs:221,DIRECT,CREATED,,,
ExportTemplateService,ListFieldsAsync,tesisproject.backend/Services/Implementations/ExportTemplateService.cs:34,DIRECT,CREATED,,,
ExportTemplateService,ListTemplatesAsync,tesisproject.backend/Services/Implementations/ExportTemplateService.cs:55,DIRECT,CREATED,,,
ExportTemplateService,MapToDetailDTO,tesisproject.backend/Services/Implementations/ExportTemplateService.cs:239,DIRECT,CREATED,,,
ExportTemplateService,NameRequired,tesisproject.backend/Services/Implementations/ExportTemplateService.cs:215,DIRECT,CREATED,,,
ExportTemplateService,RequestRequired,tesisproject.backend/Services/Implementations/ExportTemplateService.cs:209,DIRECT,CREATED,,,
ExportTemplateService,TemplateKeyAlreadyExists,tesisproject.backend/Services/Implementations/ExportTemplateService.cs:233,DIRECT,CREATED,,,
ExportTemplateService,TemplateNotFound,tesisproject.backend/Services/Implementations/ExportTemplateService.cs:227,DIRECT,CREATED,,,
ExportTemplateService,UpdateTemplateAsync,tesisproject.backend/Services/Implementations/ExportTemplateService.cs:135,DIRECT,CREATED,169,SaveChangesAsync,_uow.SaveChangesAsync
ExternalResearcherProjectService,CreateAsync,tesisproject.backend/Services/Implementations/ExternalResearcherProjectService.cs:73,DIRECT,CREATED,166,ExternalResearcherProjects;ExternalResearchers;Projects;SaveChangesAsync,_uow.ExternalResearcherProjects;_uow.ExternalResearchers;_uow.Projects;_uow.SaveChangesAsync
ExternalResearcherProjectService,ExternalResearcherProjectService,tesisproject.backend/Services/Implementations/ExternalResearcherProjectService.cs:16,DIRECT,CREATED,,,
ExternalResearcherProjectService,GetByIdAsync,tesisproject.backend/Services/Implementations/ExternalResearcherProjectService.cs:46,DIRECT,CREATED,,ExternalResearcherProjects,_uow.ExternalResearcherProjects
ExternalResearcherProjectService,GetExistingActorUserIdAsync,tesisproject.backend/Services/Implementations/ExternalResearcherProjectService.cs:290,DIRECT,CREATED,,AppUsers,_currentUser.GetRequiredUserId;_uow.AppUsers
ExternalResearcherProjectService,ListByProjectAsync,tesisproject.backend/Services/Implementations/ExternalResearcherProjectService.cs:26,DIRECT,CREATED,,ExternalResearcherProjects,_uow.ExternalResearcherProjects
ExternalResearcherProjectService,ToDetailDTO,tesisproject.backend/Services/Implementations/ExternalResearcherProjectService.cs:315,DIRECT,CREATED,,,
ExternalResearcherProjectService,ToListItemDTO,tesisproject.backend/Services/Implementations/ExternalResearcherProjectService.cs:299,DIRECT,CREATED,,,
ExternalResearcherProjectService,UpdateAsync,tesisproject.backend/Services/Implementations/ExternalResearcherProjectService.cs:182,DIRECT,CREATED,280,ExternalResearcherProjects;ExternalResearchers;Projects;SaveChangesAsync,_uow.ExternalResearcherProjects;_uow.ExternalResearchers;_uow.Projects;_uow.SaveChangesAsync
ExternalResearcherService,ApplyTermAndInstitutionFilters,tesisproject.backend/Services/Implementations/ExternalResearcherService.cs:203,DIRECT,CREATED,,,
ExternalResearcherService,CreateAsync,tesisproject.backend/Services/Implementations/ExternalResearcherService.cs:94,DIRECT,CREATED,139,ExternalResearchers;SaveChangesAsync,_uow.ExternalResearchers;_uow.SaveChangesAsync
ExternalResearcherService,ExternalResearcherService,tesisproject.backend/Services/Implementations/ExternalResearcherService.cs:17,DIRECT,CREATED,,,
ExternalResearcherService,GetByIdAsync,tesisproject.backend/Services/Implementations/ExternalResearcherService.cs:43,DIRECT,CREATED,,ExternalResearchers,_uow.ExternalResearchers
ExternalResearcherService,GetKeyValuesAsync,tesisproject.backend/Services/Implementations/ExternalResearcherService.cs:65,DIRECT,CREATED,,ExternalResearchers,_uow.ExternalResearchers
ExternalResearcherService,ListAsync,tesisproject.backend/Services/Implementations/ExternalResearcherService.cs:24,DIRECT,CREATED,,ExternalResearchers,_uow.ExternalResearchers
ExternalResearcherService,NormalizePhone,tesisproject.backend/Services/Implementations/ExternalResearcherService.cs:227,DIRECT,CREATED,,,
ExternalResearcherService,NormalizeRequired,tesisproject.backend/Services/Implementations/ExternalResearcherService.cs:224,DIRECT,CREATED,,,
ExternalResearcherService,ToDetailDTO,tesisproject.backend/Services/Implementations/ExternalResearcherService.cs:248,DIRECT,CREATED,,,
ExternalResearcherService,ToListItemDTO,tesisproject.backend/Services/Implementations/ExternalResearcherService.cs:235,DIRECT,CREATED,,,
ExternalResearcherService,UpdateAsync,tesisproject.backend/Services/Implementations/ExternalResearcherService.cs:146,DIRECT,CREATED,195,ExternalResearchers;SaveChangesAsync,_uow.ExternalResearchers;_uow.SaveChangesAsync
FacultyScopeService,AssignScopeToUserAsync,tesisproject.backend/Services/Implementations/FacultyScopeService.cs:229,LOGIC_CHANGE,TODO_LOGIC,296,AppUsers;FacultyScopes;SaveChangesAsync;UserFacultyScopeAssignments,_appUsers.EnsureAppUserAsync;_uow.AppUsers;_uow.FacultyScopes;_uow.SaveChangesAsync;_uow.UserFacultyScopeAssignments
FacultyScopeService,CreateAsync,tesisproject.backend/Services/Implementations/FacultyScopeService.cs:75,LOGIC_CHANGE,TODO_LOGIC,103;115,FacultyScopeFaculties;FacultyScopes;SaveChangesAsync,_uow.FacultyScopeFaculties;_uow.FacultyScopes;_uow.SaveChangesAsync
FacultyScopeService,FacultyScopeService,tesisproject.backend/Services/Implementations/FacultyScopeService.cs:38,DIRECT,CREATED,,,
FacultyScopeService,GetAllAsync,tesisproject.backend/Services/Implementations/FacultyScopeService.cs:48,DIRECT,CREATED,,FacultyScopes,_uow.FacultyScopes
FacultyScopeService,GetAllowedFacultyIdsForUserAsync,tesisproject.backend/Services/Implementations/FacultyScopeService.cs:334,DIRECT,CREATED,,UserFacultyScopeAssignments,_uow.UserFacultyScopeAssignments
FacultyScopeService,GetByIdAsync,tesisproject.backend/Services/Implementations/FacultyScopeService.cs:60,DIRECT,CREATED,,FacultyScopes,_uow.FacultyScopes
FacultyScopeService,GetExistingActorUserIdAsync,tesisproject.backend/Services/Implementations/FacultyScopeService.cs:363,DIRECT,CREATED,,AppUsers,_currentUser.GetRequiredUserId;_uow.AppUsers
FacultyScopeService,Map,tesisproject.backend/Services/Implementations/FacultyScopeService.cs:389,DIRECT,CREATED,,,
FacultyScopeService,NormalizeFacultyIds,tesisproject.backend/Services/Implementations/FacultyScopeService.cs:372,DIRECT,CREATED,,,
FacultyScopeService,SetFacultiesAsync,tesisproject.backend/Services/Implementations/FacultyScopeService.cs:167,LOGIC_CHANGE,TODO_LOGIC,219,FacultyScopeFaculties;FacultyScopes;SaveChangesAsync,_uow.FacultyScopeFaculties;_uow.FacultyScopes;_uow.SaveChangesAsync
FacultyScopeService,UnassignScopeFromUserAsync,tesisproject.backend/Services/Implementations/FacultyScopeService.cs:311,DIRECT,CREATED,329,SaveChangesAsync;UserFacultyScopeAssignments,_uow.SaveChangesAsync;_uow.UserFacultyScopeAssignments
FacultyScopeService,UpdateAsync,tesisproject.backend/Services/Implementations/FacultyScopeService.cs:126,DIRECT,CREATED,157,FacultyScopes;SaveChangesAsync,_uow.FacultyScopes;_uow.SaveChangesAsync
GroupService,AddMemberAsync,tesisproject.backend/Services/Implementations/GroupService.cs:464,LOGIC_CHANGE,TODO_LOGIC,578,AppUsers;GroupMembers;Groups;Projects;SaveChangesAsync,_appUsers.EnsureAppUserAsync;_uow.AppUsers;_uow.GroupMembers;_uow.Groups;_uow.Projects;_uow.SaveChangesAsync
GroupService,CreateAsync,tesisproject.backend/Services/Implementations/GroupService.cs:435,DIRECT,CREATED,449,Groups;SaveChangesAsync,_uow.Groups;_uow.SaveChangesAsync
GroupService,EnsureMemberRolesLoadedAsync,tesisproject.backend/Services/Implementations/GroupService.cs:682,DIRECT,CREATED,,MemberRoleTypeRepository,_uow.MemberRoleTypeRepository
GroupService,GetAllExternalUsersAsync,tesisproject.backend/Services/Implementations/GroupService.cs:381,EXTERNAL_BOUNDARY,CREATED,,,_directory.GetAllAsync;_logger.LogError
GroupService,GetByIdAsync,tesisproject.backend/Services/Implementations/GroupService.cs:117,DIRECT,CREATED,,Groups,_uow.Groups
GroupService,GetByProjectAsync,tesisproject.backend/Services/Implementations/GroupService.cs:161,DIRECT,CREATED,,Groups,_uow.Groups
GroupService,GetExternalUserByAspNetIdAsync,tesisproject.backend/Services/Implementations/GroupService.cs:295,LOGIC_CHANGE,TODO_LOGIC,,AspNetUsers,_directory.GetByEmailsAsync;_logger.LogError;_uow.AspNetUsers
GroupService,GetExternalUserByEmailAsync,tesisproject.backend/Services/Implementations/GroupService.cs:341,EXTERNAL_BOUNDARY,CREATED,,,_directory.GetByEmailsAsync;_logger.LogError
GroupService,GetExternalUsersByGroupAsync,tesisproject.backend/Services/Implementations/GroupService.cs:187,LOGIC_CHANGE,TODO_LOGIC,,AppUsers;AspNetUsers;GroupMembers;Groups,_directory.GetByEmailsAsync;_logger.LogError;_uow.AppUsers;_uow.AspNetUsers;_uow.GroupMembers;_uow.Groups
GroupService,GetProjectMembersReportAsync,tesisproject.backend/Services/Implementations/GroupService.cs:850,LOGIC_CHANGE,TODO_LOGIC,,AppUsers;AspNetUsers;GroupMembers;MemberRoleTypeRepository;ProjectExtensions;Projects,_directory.GetByEmailsAsync;_logger.LogError;_uow.AppUsers;_uow.AspNetUsers;_uow.GroupMembers;_uow.MemberRoleTypeRepository;_uow.ProjectExtensions;_uow.Projects
GroupService,GroupService,tesisproject.backend/Services/Implementations/GroupService.cs:99,DIRECT,CREATED,,,
GroupService,ListAsync,tesisproject.backend/Services/Implementations/GroupService.cs:134,DIRECT,CREATED,,Groups,_uow.Groups
GroupService,LoadExternalPeriodsAndDistributivosAsync,tesisproject.backend/Services/Implementations/GroupService.cs:744,EXTERNAL_BOUNDARY,CREATED,,,_distributivos.GetDistributivosByCorreosAsync;_periods.GetAllAsync
GroupService,NormalizeEmail,tesisproject.backend/Services/Implementations/GroupService.cs:733,DIRECT,CREATED,,,
GroupService,RemoveMemberAsync,tesisproject.backend/Services/Implementations/GroupService.cs:636,DIRECT,CREATED,656,GroupMembers;SaveChangesAsync,_uow.GroupMembers;_uow.SaveChangesAsync
GroupService,ResolveMemberRoleNameAsync,tesisproject.backend/Services/Implementations/GroupService.cs:709,DIRECT,CREATED,,MemberRoleTypeRepository,_uow.MemberRoleTypeRepository
GroupService,ToExternalUserDTOAsync,tesisproject.backend/Services/Implementations/GroupService.cs:797,DIRECT,CREATED,,,
GroupService,ToGroupResponseDTO,tesisproject.backend/Services/Implementations/GroupService.cs:672,DIRECT,CREATED,,,
GroupService,UpdateAsync,tesisproject.backend/Services/Implementations/GroupService.cs:605,DIRECT,CREATED,621,Groups;SaveChangesAsync,_uow.Groups;_uow.SaveChangesAsync
IndexingSourceService,CreateAsync,tesisproject.backend/Services/Implementations/IndexingSourceService.cs:69,DIRECT,CREATED,96,IndexingSources;SaveChangesAsync,_uow.IndexingSources;_uow.SaveChangesAsync
IndexingSourceService,GetByIdAsync,tesisproject.backend/Services/Implementations/IndexingSourceService.cs:44,DIRECT,CREATED,,IndexingSources,_uow.IndexingSources
IndexingSourceService,GetKeyValuesAsync,tesisproject.backend/Services/Implementations/IndexingSourceService.cs:58,DIRECT,CREATED,,IndexingSources,_uow.IndexingSources
IndexingSourceService,IndexingSourceService,tesisproject.backend/Services/Implementations/IndexingSourceService.cs:22,DIRECT,CREATED,,,
IndexingSourceService,ListAsync,tesisproject.backend/Services/Implementations/IndexingSourceService.cs:29,DIRECT,CREATED,,IndexingSources,_uow.IndexingSources
IndexingSourceService,NormalizeOptional,tesisproject.backend/Services/Implementations/IndexingSourceService.cs:151,DIRECT,CREATED,,,
IndexingSourceService,NormalizeRequired,tesisproject.backend/Services/Implementations/IndexingSourceService.cs:148,DIRECT,CREATED,,,
IndexingSourceService,ToListItemDTO,tesisproject.backend/Services/Implementations/IndexingSourceService.cs:136,DIRECT,CREATED,,,
IndexingSourceService,UpdateAsync,tesisproject.backend/Services/Implementations/IndexingSourceService.cs:101,DIRECT,CREATED,129,IndexingSources;SaveChangesAsync,_uow.IndexingSources;_uow.SaveChangesAsync
InstitutionService,CreateAsync,tesisproject.backend/Services/Implementations/InstitutionService.cs:75,DIRECT,CREATED,100,Institutions;SaveChangesAsync,_uow.Institutions;_uow.SaveChangesAsync
InstitutionService,GetByIdAsync,tesisproject.backend/Services/Implementations/InstitutionService.cs:46,DIRECT,CREATED,,Institutions,_uow.Institutions
InstitutionService,GetKeyValuesAsync,tesisproject.backend/Services/Implementations/InstitutionService.cs:64,DIRECT,CREATED,,Institutions,_uow.Institutions
InstitutionService,InstitutionService,tesisproject.backend/Services/Implementations/InstitutionService.cs:23,DIRECT,CREATED,,,
InstitutionService,ListAsync,tesisproject.backend/Services/Implementations/InstitutionService.cs:30,DIRECT,CREATED,,Institutions,_uow.Institutions
InstitutionService,ResolveCountryNameAsync,tesisproject.backend/Services/Implementations/InstitutionService.cs:165,DIRECT,CREATED,,Countries,_uow.Countries
InstitutionService,ToDetailDTO,tesisproject.backend/Services/Implementations/InstitutionService.cs:153,DIRECT,CREATED,,,
InstitutionService,ToListItemDTO,tesisproject.backend/Services/Implementations/InstitutionService.cs:141,DIRECT,CREATED,,,
InstitutionService,UpdateAsync,tesisproject.backend/Services/Implementations/InstitutionService.cs:107,DIRECT,CREATED,132,Institutions;SaveChangesAsync,_uow.Institutions;_uow.SaveChangesAsync
MatrixExcelExportService,BuildCategoryColumnsMetadata,tesisproject.backend/Services/Implementations/MatrixExcelExportService.cs:190,DIRECT,CREATED,,,
MatrixExcelExportService,BuildCategoryLookups,tesisproject.backend/Services/Implementations/MatrixExcelExportService.cs:171,DIRECT,CREATED,,,
MatrixExcelExportService,BuildObjectiveColumnsMetadata,tesisproject.backend/Services/Implementations/MatrixExcelExportService.cs:282,DIRECT,CREATED,,,
MatrixExcelExportService,FormatDate,tesisproject.backend/Services/Implementations/MatrixExcelExportService.cs:369,DIRECT,CREATED,,,
MatrixExcelExportService,GenerateExcelAsync,tesisproject.backend/Services/Implementations/MatrixExcelExportService.cs:37,LOGIC_CHANGE,TODO_LOGIC,,,_categoryService.GetTreeAsync;_flatService.GetFlatReportAsync
MatrixExcelExportService,GetBaseColumns,tesisproject.backend/Services/Implementations/MatrixExcelExportService.cs:130,DIRECT,CREATED,,,
MatrixExcelExportService,GetBudgetCertifiedSummary,tesisproject.backend/Services/Implementations/MatrixExcelExportService.cs:396,DIRECT,CREATED,,,
MatrixExcelExportService,GetBudgetExecutedSummary,tesisproject.backend/Services/Implementations/MatrixExcelExportService.cs:407,DIRECT,CREATED,,,
MatrixExcelExportService,GetBudgetFundingTypesSummary,tesisproject.backend/Services/Implementations/MatrixExcelExportService.cs:383,DIRECT,CREATED,,,
MatrixExcelExportService,GetBudgetInitialSummary,tesisproject.backend/Services/Implementations/MatrixExcelExportService.cs:372,DIRECT,CREATED,,,
MatrixExcelExportService,GetCategoriesForTypeSummary,tesisproject.backend/Services/Implementations/MatrixExcelExportService.cs:225,DIRECT,CREATED,,,
MatrixExcelExportService,GetCategoryPathToRoot,tesisproject.backend/Services/Implementations/MatrixExcelExportService.cs:261,DIRECT,CREATED,,,
MatrixExcelExportService,GetExternalInstitutionsSummary,tesisproject.backend/Services/Implementations/MatrixExcelExportService.cs:455,DIRECT,CREATED,,,
MatrixExcelExportService,GetExternalNamesSummary,tesisproject.backend/Services/Implementations/MatrixExcelExportService.cs:443,DIRECT,CREATED,,,
MatrixExcelExportService,GetObjectiveText,tesisproject.backend/Services/Implementations/MatrixExcelExportService.cs:345,DIRECT,CREATED,,,
MatrixExcelExportService,GetObjectiveTypeLabel,tesisproject.backend/Services/Implementations/MatrixExcelExportService.cs:335,DIRECT,CREATED,,,
MatrixExcelExportService,GetProductTitlesSummary,tesisproject.backend/Services/Implementations/MatrixExcelExportService.cs:418,DIRECT,CREATED,,,
MatrixExcelExportService,GetProductTypesSummary,tesisproject.backend/Services/Implementations/MatrixExcelExportService.cs:430,DIRECT,CREATED,,,
MatrixExcelExportService,GetSenescytNamesSummary,tesisproject.backend/Services/Implementations/MatrixExcelExportService.cs:468,DIRECT,CREATED,,,
MatrixExcelExportService,MatrixExcelExportService,tesisproject.backend/Services/Implementations/MatrixExcelExportService.cs:23,DIRECT,CREATED,,,
MatrixTemplateExcelExportService,BuildCategoryColumnsMetadata,tesisproject.backend/Services/Implementations/MatrixTemplateExcelExportService.cs:696,DIRECT,CREATED,,,
MatrixTemplateExcelExportService,BuildCategoryLookups,tesisproject.backend/Services/Implementations/MatrixTemplateExcelExportService.cs:677,DIRECT,CREATED,,,
MatrixTemplateExcelExportService,BuildObjectiveColumnsMetadata,tesisproject.backend/Services/Implementations/MatrixTemplateExcelExportService.cs:792,DIRECT,CREATED,,,
MatrixTemplateExcelExportService,CloneColumn,tesisproject.backend/Services/Implementations/MatrixTemplateExcelExportService.cs:235,DIRECT,CREATED,,,
MatrixTemplateExcelExportService,FormatDate,tesisproject.backend/Services/Implementations/MatrixTemplateExcelExportService.cs:884,DIRECT,CREATED,,,
MatrixTemplateExcelExportService,GenerateExcelAsync,tesisproject.backend/Services/Implementations/MatrixTemplateExcelExportService.cs:53,LOGIC_CHANGE,TODO_LOGIC,,,_categoryService.GetTreeAsync;_flatService.GetFlatReportAsync;_logger.LogError;_templateService.GetTemplateAsync
MatrixTemplateExcelExportService,GenerateExcelInternal,tesisproject.backend/Services/Implementations/MatrixTemplateExcelExportService.cs:244,DIRECT,CREATED,,,_logger.LogDebug
MatrixTemplateExcelExportService,GetBaseColumns,tesisproject.backend/Services/Implementations/MatrixTemplateExcelExportService.cs:378,DIRECT,CREATED,,,
MatrixTemplateExcelExportService,GetBudgetCertifiedSummary,tesisproject.backend/Services/Implementations/MatrixTemplateExcelExportService.cs:911,DIRECT,CREATED,,,
MatrixTemplateExcelExportService,GetBudgetExecutedSummary,tesisproject.backend/Services/Implementations/MatrixTemplateExcelExportService.cs:922,DIRECT,CREATED,,,
MatrixTemplateExcelExportService,GetBudgetFundingTypesSummary,tesisproject.backend/Services/Implementations/MatrixTemplateExcelExportService.cs:898,DIRECT,CREATED,,,
MatrixTemplateExcelExportService,GetBudgetInitialSummary,tesisproject.backend/Services/Implementations/MatrixTemplateExcelExportService.cs:887,DIRECT,CREATED,,,
MatrixTemplateExcelExportService,GetCategoriesForTypeSummary,tesisproject.backend/Services/Implementations/MatrixTemplateExcelExportService.cs:735,DIRECT,CREATED,,,
MatrixTemplateExcelExportService,GetCategoryPathToRoot,tesisproject.backend/Services/Implementations/MatrixTemplateExcelExportService.cs:771,DIRECT,CREATED,,,
MatrixTemplateExcelExportService,GetExternalInstitutionsSummary,tesisproject.backend/Services/Implementations/MatrixTemplateExcelExportService.cs:970,DIRECT,CREATED,,,
MatrixTemplateExcelExportService,GetExternalNamesSummary,tesisproject.backend/Services/Implementations/MatrixTemplateExcelExportService.cs:958,DIRECT,CREATED,,,
MatrixTemplateExcelExportService,GetObjectiveText,tesisproject.backend/Services/Implementations/MatrixTemplateExcelExportService.cs:860,DIRECT,CREATED,,,
MatrixTemplateExcelExportService,GetObjectiveTypeLabel,tesisproject.backend/Services/Implementations/MatrixTemplateExcelExportService.cs:850,DIRECT,CREATED,,,
MatrixTemplateExcelExportService,GetProductTitlesSummary,tesisproject.backend/Services/Implementations/MatrixTemplateExcelExportService.cs:933,DIRECT,CREATED,,,
MatrixTemplateExcelExportService,GetProductTypesSummary,tesisproject.backend/Services/Implementations/MatrixTemplateExcelExportService.cs:945,DIRECT,CREATED,,,
MatrixTemplateExcelExportService,GetSenescytNamesSummary,tesisproject.backend/Services/Implementations/MatrixTemplateExcelExportService.cs:983,DIRECT,CREATED,,,
MatrixTemplateExcelExportService,MatrixTemplateExcelExportService,tesisproject.backend/Services/Implementations/MatrixTemplateExcelExportService.cs:41,DIRECT,CREATED,,,
MatrixTemplateExcelExportService,NormalizeTemplateFieldKey,tesisproject.backend/Services/Implementations/MatrixTemplateExcelExportService.cs:361,DIRECT,CREATED,,,
MatrixTemplateExcelExportService,RelayFailure,tesisproject.backend/Services/Implementations/MatrixTemplateExcelExportService.cs:1028,DIRECT,CREATED,,,
MatrixTemplateExcelExportService,ResolveObjetivosBundle,tesisproject.backend/Services/Implementations/MatrixTemplateExcelExportService.cs:626,DIRECT,CREATED,,,
MatrixTemplateExcelExportService,ResolveResearchCategoriesBundle,tesisproject.backend/Services/Implementations/MatrixTemplateExcelExportService.cs:659,DIRECT,CREATED,,,
MatrixTemplateExcelExportService,UnexpectedFailure,tesisproject.backend/Services/Implementations/MatrixTemplateExcelExportService.cs:1020,DIRECT,CREATED,,,
MatrixTemplateExcelExportService,ValidationFailure,tesisproject.backend/Services/Implementations/MatrixTemplateExcelExportService.cs:996,DIRECT,CREATED,,,
MemberRoleTypeService,CreateAsync,tesisproject.backend/Services/Implementations/MemberRoleTypeService.cs:69,ADAPTABLE,CREATED,91,MemberRoleTypeRepository;SaveChangesAsync,_uow.MemberRoleTypeRepository;_uow.SaveChangesAsync
MemberRoleTypeService,GetByIdAsync,tesisproject.backend/Services/Implementations/MemberRoleTypeService.cs:43,ADAPTABLE,CREATED,,MemberRoleTypeRepository,_uow.MemberRoleTypeRepository
MemberRoleTypeService,GetKeyValuesAsync,tesisproject.backend/Services/Implementations/MemberRoleTypeService.cs:58,ADAPTABLE,CREATED,,MemberRoleTypeRepository,_uow.MemberRoleTypeRepository
MemberRoleTypeService,ListAsync,tesisproject.backend/Services/Implementations/MemberRoleTypeService.cs:28,ADAPTABLE,CREATED,,MemberRoleTypeRepository,_uow.MemberRoleTypeRepository
MemberRoleTypeService,MemberRoleTypeService,tesisproject.backend/Services/Implementations/MemberRoleTypeService.cs:21,ADAPTABLE,CREATED,,,
MemberRoleTypeService,NormalizeName,tesisproject.backend/Services/Implementations/MemberRoleTypeService.cs:130,ADAPTABLE,CREATED,,,
MemberRoleTypeService,ToDetailDto,tesisproject.backend/Services/Implementations/MemberRoleTypeService.cs:142,ADAPTABLE,CREATED,,,
MemberRoleTypeService,ToListItemDto,tesisproject.backend/Services/Implementations/MemberRoleTypeService.cs:133,ADAPTABLE,CREATED,,,
MemberRoleTypeService,UpdateAsync,tesisproject.backend/Services/Implementations/MemberRoleTypeService.cs:97,ADAPTABLE,CREATED,122,MemberRoleTypeRepository;SaveChangesAsync,_uow.MemberRoleTypeRepository;_uow.SaveChangesAsync
ObjectiveActivityService,ClampPercentage,tesisproject.backend/Services/Implementations/ObjectiveActivityService.cs:416,DIRECT,CREATED,,,
ObjectiveActivityService,CreateAsync,tesisproject.backend/Services/Implementations/ObjectiveActivityService.cs:106,DIRECT,CREATED,136,ObjectiveActivities;ProjectObjectives;SaveChangesAsync,_uow.ObjectiveActivities;_uow.ProjectObjectives;_uow.SaveChangesAsync
ObjectiveActivityService,DeleteAsync,tesisproject.backend/Services/Implementations/ObjectiveActivityService.cs:208,DIRECT,CREATED,222,ObjectiveActivities;SaveChangesAsync,_uow.ObjectiveActivities;_uow.SaveChangesAsync
ObjectiveActivityService,GetByIdAsync,tesisproject.backend/Services/Implementations/ObjectiveActivityService.cs:82,DIRECT,CREATED,,ObjectiveActivities;VisitObjectiveActivityProgresses,_uow.ObjectiveActivities;_uow.VisitObjectiveActivityProgresses
ObjectiveActivityService,GetLatestProgressEntityForVisitAsync,tesisproject.backend/Services/Implementations/ObjectiveActivityService.cs:332,DIRECT,CREATED,,VisitObjectiveActivityProgresses,_uow.VisitObjectiveActivityProgresses
ObjectiveActivityService,GetProgressOrDefault,tesisproject.backend/Services/Implementations/ObjectiveActivityService.cs:329,DIRECT,CREATED,,,
ObjectiveActivityService,ListByObjectiveAsync,tesisproject.backend/Services/Implementations/ObjectiveActivityService.cs:41,DIRECT,CREATED,,ObjectiveActivities;VisitObjectiveActivityProgresses,_uow.ObjectiveActivities;_uow.VisitObjectiveActivityProgresses
ObjectiveActivityService,MapToDetailDto,tesisproject.backend/Services/Implementations/ObjectiveActivityService.cs:314,DIRECT,CREATED,,,
ObjectiveActivityService,ObjectiveActivityService,tesisproject.backend/Services/Implementations/ObjectiveActivityService.cs:34,DIRECT,CREATED,,,
ObjectiveActivityService,RecalculateProjectExecutionPercentageAsync,tesisproject.backend/Services/Implementations/ObjectiveActivityService.cs:344,DIRECT,CREATED,,ProjectObjectives;VisitObjectiveActivityProgresses,_uow.ProjectObjectives;_uow.VisitObjectiveActivityProgresses
ObjectiveActivityService,SetProgressAsync,tesisproject.backend/Services/Implementations/ObjectiveActivityService.cs:227,DIRECT,CREATED,304,ObjectiveActivities;SaveChangesAsync;VisitObjectiveActivityProgresses;Visits,_uow.ObjectiveActivities;_uow.SaveChangesAsync;_uow.VisitObjectiveActivityProgresses;_uow.Visits
ObjectiveActivityService,SetProjectExecutionAsync,tesisproject.backend/Services/Implementations/ObjectiveActivityService.cs:402,DIRECT,CREATED,413,Projects;SaveChangesAsync,_uow.Projects;_uow.SaveChangesAsync
ObjectiveActivityService,SingleIdArray,tesisproject.backend/Services/Implementations/ObjectiveActivityService.cs:327,DIRECT,CREATED,,,
ObjectiveActivityService,UpdateAsync,tesisproject.backend/Services/Implementations/ObjectiveActivityService.cs:145,DIRECT,CREATED,193,ObjectiveActivities;ProjectObjectives;SaveChangesAsync;VisitObjectiveActivityProgresses,_uow.ObjectiveActivities;_uow.ProjectObjectives;_uow.SaveChangesAsync;_uow.VisitObjectiveActivityProgresses
ObjectiveActivityUserService,AssignAsync,tesisproject.backend/Services/Implementations/ObjectiveActivityUserService.cs:46,DIRECT,CREATED,132,ObjectiveActivities;ObjectiveActivityUsers;SaveChangesAsync;Visits,_uow.ObjectiveActivities;_uow.ObjectiveActivityUsers;_uow.SaveChangesAsync;_uow.Visits
ObjectiveActivityUserService,Key,tesisproject.backend/Services/Implementations/ObjectiveActivityUserService.cs:203,DIRECT,CREATED,,,
ObjectiveActivityUserService,ListByActivityAsync,tesisproject.backend/Services/Implementations/ObjectiveActivityUserService.cs:22,DIRECT,CREATED,,ObjectiveActivityUsers,_uow.ObjectiveActivityUsers
ObjectiveActivityUserService,MapToDto,tesisproject.backend/Services/Implementations/ObjectiveActivityUserService.cs:208,DIRECT,CREATED,,,
ObjectiveActivityUserService,NormalizeText,tesisproject.backend/Services/Implementations/ObjectiveActivityUserService.cs:205,DIRECT,CREATED,,,
ObjectiveActivityUserService,ObjectiveActivityUserService,tesisproject.backend/Services/Implementations/ObjectiveActivityUserService.cs:15,DIRECT,CREATED,,,
ObjectiveActivityUserService,UnassignAsync,tesisproject.backend/Services/Implementations/ObjectiveActivityUserService.cs:172,DIRECT,CREATED,196,ObjectiveActivityUsers;SaveChangesAsync,_uow.ObjectiveActivityUsers;_uow.SaveChangesAsync
ObjectiveActivityUserService,UpdateAsync,tesisproject.backend/Services/Implementations/ObjectiveActivityUserService.cs:138,DIRECT,CREATED,166,ObjectiveActivityUsers;SaveChangesAsync,_uow.ObjectiveActivityUsers;_uow.SaveChangesAsync
ProductAttributeDefinitionService,CreateAsync,tesisproject.backend/Services/Implementations/ProductAttributeDefinitionService.cs:79,DIRECT,CREATED,115,ProductAttributeDefinitions;SaveChangesAsync,_uow.ProductAttributeDefinitions;_uow.SaveChangesAsync
ProductAttributeDefinitionService,DeleteAsync,tesisproject.backend/Services/Implementations/ProductAttributeDefinitionService.cs:169,DIRECT,CREATED,183,ProductAttributeDefinitions;SaveChangesAsync,_uow.ProductAttributeDefinitions;_uow.SaveChangesAsync
ProductAttributeDefinitionService,GetByIdAsync,tesisproject.backend/Services/Implementations/ProductAttributeDefinitionService.cs:60,DIRECT,CREATED,,,
ProductAttributeDefinitionService,Key,tesisproject.backend/Services/Implementations/ProductAttributeDefinitionService.cs:196,DIRECT,CREATED,,,
ProductAttributeDefinitionService,ListByProductTypeAsync,tesisproject.backend/Services/Implementations/ProductAttributeDefinitionService.cs:29,DIRECT,CREATED,,,
ProductAttributeDefinitionService,MapToDetailDto,tesisproject.backend/Services/Implementations/ProductAttributeDefinitionService.cs:198,DIRECT,CREATED,,,
ProductAttributeDefinitionService,ProductAttributeDefinitionService,tesisproject.backend/Services/Implementations/ProductAttributeDefinitionService.cs:22,DIRECT,CREATED,,,
ProductAttributeDefinitionService,QueryWithRefs,tesisproject.backend/Services/Implementations/ProductAttributeDefinitionService.cs:190,DIRECT,CREATED,,ProductAttributeDefinitions,_uow.ProductAttributeDefinitions
ProductAttributeDefinitionService,UpdateAsync,tesisproject.backend/Services/Implementations/ProductAttributeDefinitionService.cs:125,DIRECT,CREATED,159,ProductAttributeDefinitions;SaveChangesAsync,_uow.ProductAttributeDefinitions;_uow.SaveChangesAsync
ProductAttributeService,CreateAsync,tesisproject.backend/Services/Implementations/ProductAttributeService.cs:61,DIRECT,CREATED,85,ProductAttributes;SaveChangesAsync,_uow.ProductAttributes;_uow.SaveChangesAsync
ProductAttributeService,DeleteAsync,tesisproject.backend/Services/Implementations/ProductAttributeService.cs:127,DIRECT,CREATED,144,ProductAttributes;SaveChangesAsync,_uow.ProductAttributes;_uow.SaveChangesAsync
ProductAttributeService,GetByIdAsync,tesisproject.backend/Services/Implementations/ProductAttributeService.cs:44,DIRECT,CREATED,,ProductAttributes,_uow.ProductAttributes
ProductAttributeService,Key,tesisproject.backend/Services/Implementations/ProductAttributeService.cs:151,DIRECT,CREATED,,,
ProductAttributeService,ListAsync,tesisproject.backend/Services/Implementations/ProductAttributeService.cs:29,DIRECT,CREATED,,ProductAttributes,_uow.ProductAttributes
ProductAttributeService,NormalizeName,tesisproject.backend/Services/Implementations/ProductAttributeService.cs:153,DIRECT,CREATED,,,
ProductAttributeService,ProductAttributeService,tesisproject.backend/Services/Implementations/ProductAttributeService.cs:22,DIRECT,CREATED,,,
ProductAttributeService,ToDetailDto,tesisproject.backend/Services/Implementations/ProductAttributeService.cs:167,DIRECT,CREATED,,,
ProductAttributeService,ToListItemDto,tesisproject.backend/Services/Implementations/ProductAttributeService.cs:156,DIRECT,CREATED,,,
ProductAttributeService,UpdateAsync,tesisproject.backend/Services/Implementations/ProductAttributeService.cs:91,DIRECT,CREATED,121,ProductAttributes;SaveChangesAsync,_uow.ProductAttributes;_uow.SaveChangesAsync
ProductService,CreateAsync,tesisproject.backend/Services/Implementations/ProductService.cs:48,LOGIC_CHANGE,TODO_LOGIC,114;129,ProductAttributeDefinitions;ProductTypes;ProductValues;Products;SaveChangesAsync,_uow.ProductAttributeDefinitions;_uow.ProductTypes;_uow.ProductValues;_uow.Products;_uow.SaveChangesAsync
ProductService,DeleteAsync,tesisproject.backend/Services/Implementations/ProductService.cs:317,LOGIC_CHANGE,TODO_LOGIC,338,ProductAuthors;ProductValues;Products;SaveChangesAsync,_uow.ProductAuthors;_uow.ProductValues;_uow.Products;_uow.SaveChangesAsync
ProductService,FailConflict,tesisproject.backend/Services/Implementations/ProductService.cs:598,ADAPTABLE,CREATED,,,
ProductService,FailUnexpected,tesisproject.backend/Services/Implementations/ProductService.cs:604,ADAPTABLE,CREATED,,,
ProductService,GetByIdAsync,tesisproject.backend/Services/Implementations/ProductService.cs:153,LOGIC_CHANGE,TODO_LOGIC,,Products,_uow.Products
ProductService,Key,tesisproject.backend/Services/Implementations/ProductService.cs:354,ADAPTABLE,CREATED,,,
ProductService,ListAsync,tesisproject.backend/Services/Implementations/ProductService.cs:175,LOGIC_CHANGE,TODO_LOGIC,,Products,_uow.Products
ProductService,ListByProjectAsync,tesisproject.backend/Services/Implementations/ProductService.cs:201,ADAPTABLE,CREATED,,Products,_uow.Products
ProductService,MapDataTypeToString,tesisproject.backend/Services/Implementations/ProductService.cs:536,ADAPTABLE,CREATED,,,
ProductService,MapToDetailDTO,tesisproject.backend/Services/Implementations/ProductService.cs:491,LOGIC_CHANGE,TODO_LOGIC,,,
ProductService,MapToListItemDto,tesisproject.backend/Services/Implementations/ProductService.cs:361,ADAPTABLE,CREATED,,,
ProductService,NormalizeOptionalText,tesisproject.backend/Services/Implementations/ProductService.cs:358,ADAPTABLE,CREATED,,,
ProductService,NormalizeRequiredText,tesisproject.backend/Services/Implementations/ProductService.cs:356,ADAPTABLE,CREATED,,,
ProductService,NormalizeValue,tesisproject.backend/Services/Implementations/ProductService.cs:544,ADAPTABLE,CREATED,,,
ProductService,NotFoundFailure,tesisproject.backend/Services/Implementations/ProductService.cs:579,ADAPTABLE,CREATED,,,
ProductService,ProductService,tesisproject.backend/Services/Implementations/ProductService.cs:41,ADAPTABLE,CREATED,,,
ProductService,RelayFailure,tesisproject.backend/Services/Implementations/ProductService.cs:585,ADAPTABLE,CREATED,,,
ProductService,SyncAuthorsAsync,tesisproject.backend/Services/Implementations/ProductService.cs:375,LOGIC_CHANGE,TODO_LOGIC,,ProductAuthors,_uow.ProductAuthors
ProductService,SyncValuesAsync,tesisproject.backend/Services/Implementations/ProductService.cs:399,ADAPTABLE,CREATED,,ProductValues,_uow.ProductValues
ProductService,UnexpectedFailure,tesisproject.backend/Services/Implementations/ProductService.cs:582,ADAPTABLE,CREATED,,,
ProductService,UpdateAsync,tesisproject.backend/Services/Implementations/ProductService.cs:237,LOGIC_CHANGE,TODO_LOGIC,293,ProductAttributeDefinitions;Products;SaveChangesAsync,_uow.ProductAttributeDefinitions;_uow.Products;_uow.SaveChangesAsync
ProductService,ValidateAndNormalizeValues,tesisproject.backend/Services/Implementations/ProductService.cs:435,ADAPTABLE,CREATED,,,
ProductService,ValidateAttributeValue,tesisproject.backend/Services/Implementations/ProductService.cs:554,ADAPTABLE,CREATED,,,
ProductService,ValidationFailure,tesisproject.backend/Services/Implementations/ProductService.cs:576,ADAPTABLE,CREATED,,,
ProductTypeDesignService,CreateNewProductTypeCatalogTemplate,tesisproject.backend/Services/Implementations/ProductTypeDesignService.cs:412,DIRECT,CREATED,,,
ProductTypeDesignService,FailUnexpected,tesisproject.backend/Services/Implementations/ProductTypeDesignService.cs:375,DIRECT,CREATED,,,
ProductTypeDesignService,GetDesignAsync,tesisproject.backend/Services/Implementations/ProductTypeDesignService.cs:37,DIRECT,CREATED,,ProductAttributeDefinitions;ProductAttributes;ProductTypes,_uow.ProductAttributeDefinitions;_uow.ProductAttributes;_uow.ProductTypes
ProductTypeDesignService,Key,tesisproject.backend/Services/Implementations/ProductTypeDesignService.cs:407,DIRECT,CREATED,,,
ProductTypeDesignService,MapAttributeToDetail,tesisproject.backend/Services/Implementations/ProductTypeDesignService.cs:430,DIRECT,CREATED,,,
ProductTypeDesignService,MapDefinitionToDetail,tesisproject.backend/Services/Implementations/ProductTypeDesignService.cs:441,DIRECT,CREATED,,,
ProductTypeDesignService,MapProductTypeToCatalogDetail,tesisproject.backend/Services/Implementations/ProductTypeDesignService.cs:421,DIRECT,CREATED,,,
ProductTypeDesignService,NormalizeName,tesisproject.backend/Services/Implementations/ProductTypeDesignService.cs:409,DIRECT,CREATED,,,
ProductTypeDesignService,ProductTypeDesignService,tesisproject.backend/Services/Implementations/ProductTypeDesignService.cs:27,DIRECT,CREATED,,,
ProductTypeDesignService,SaveDesignAsync,tesisproject.backend/Services/Implementations/ProductTypeDesignService.cs:114,DIRECT,CREATED,163,SaveChangesAsync,_uow.SaveChangesAsync
ProductTypeDesignService,SyncDefinitionsAsync,tesisproject.backend/Services/Implementations/ProductTypeDesignService.cs:299,DIRECT,CREATED,,ProductAttributeDefinitions,_uow.ProductAttributeDefinitions
ProductTypeDesignService,UpsertAttributeAsync,tesisproject.backend/Services/Implementations/ProductTypeDesignService.cs:254,DIRECT,CREATED,,,_productAttributeService.CreateAsync;_productAttributeService.UpdateAsync
ProductTypeDesignService,UpsertProductTypeAsync,tesisproject.backend/Services/Implementations/ProductTypeDesignService.cs:176,DIRECT,CREATED,209;248,ProductTypes;SaveChangesAsync,_uow.ProductTypes;_uow.SaveChangesAsync
ProductTypeDesignService,ValidationFailure,tesisproject.backend/Services/Implementations/ProductTypeDesignService.cs:381,DIRECT,CREATED,,,
ProjectExtensionService,CreateAsync,tesisproject.backend/Services/Implementations/ProjectExtensionService.cs:64,ADAPTABLE,CREATED,132,ProjectExtensionTypes;ProjectExtensions;Projects;SaveChangesAsync;Visits,_uow.ProjectExtensionTypes;_uow.ProjectExtensions;_uow.Projects;_uow.SaveChangesAsync;_uow.Visits
ProjectExtensionService,DeleteAsync,tesisproject.backend/Services/Implementations/ProjectExtensionService.cs:268,ADAPTABLE,CREATED,279,ProjectExtensions;SaveChangesAsync,_uow.ProjectExtensions;_uow.SaveChangesAsync
ProjectExtensionService,GetByIdAsync,tesisproject.backend/Services/Implementations/ProjectExtensionService.cs:156,ADAPTABLE,CREATED,,ProjectExtensions,_uow.ProjectExtensions
ProjectExtensionService,Key,tesisproject.backend/Services/Implementations/ProjectExtensionService.cs:296,ADAPTABLE,CREATED,,,
ProjectExtensionService,ListAsync,tesisproject.backend/Services/Implementations/ProjectExtensionService.cs:175,ADAPTABLE,CREATED,,ProjectExtensions,_uow.ProjectExtensions
ProjectExtensionService,ListByProjectAsync,tesisproject.backend/Services/Implementations/ProjectExtensionService.cs:198,ADAPTABLE,CREATED,,ProjectExtensions,_uow.ProjectExtensions
ProjectExtensionService,MapToListDTO,tesisproject.backend/Services/Implementations/ProjectExtensionService.cs:299,ADAPTABLE,CREATED,,,
ProjectExtensionService,ProjectExtensionService,tesisproject.backend/Services/Implementations/ProjectExtensionService.cs:58,ADAPTABLE,CREATED,,,
ProjectExtensionService,UpdateAsync,tesisproject.backend/Services/Implementations/ProjectExtensionService.cs:221,ADAPTABLE,CREATED,247,ProjectExtensions;SaveChangesAsync,_uow.ProjectExtensions;_uow.SaveChangesAsync
ProjectFlatReportService,GetFlatReportAsync,tesisproject.backend/Services/Implementations/ProjectFlatReportService.cs:37,LOGIC_CHANGE,TODO_LOGIC,,,_db.AppUsers;_db.Budgets;_db.Convocations;_db.ExternalResearcherProjects;_db.ExternalResearchers;_db.FundingTypes;_db.GroupMembers;_db.GroupTypes;_db.Groups;_db.Institutions;_db.MemberRoleTypes;_db.ObjectiveTypes;_db.ProductAttributeDefinitions;_db.ProductAttributes;_db.ProductTypes;_db.ProductValues;_db.Products;_db.ProjectObjectives;_db.ProjectResearchCategories;_db.ProjectStates;_db.ProjectTypes;_db.Projects;_logger.LogInformation
ProjectFlatReportService,GetProfileEmail,tesisproject.backend/Services/Implementations/ProjectFlatReportService.cs:506,DIRECT,CREATED,,,
ProjectFlatReportService,GetProfileKey,tesisproject.backend/Services/Implementations/ProjectFlatReportService.cs:497,DIRECT,CREATED,,,
ProjectFlatReportService,GetProfileName,tesisproject.backend/Services/Implementations/ProjectFlatReportService.cs:503,DIRECT,CREATED,,,
ProjectFlatReportService,GetProfilePhone,tesisproject.backend/Services/Implementations/ProjectFlatReportService.cs:509,DIRECT,CREATED,,,
ProjectFlatReportService,LoadExternalFacultiesAsync,tesisproject.backend/Services/Implementations/ProjectFlatReportService.cs:426,EXTERNAL_BOUNDARY,CREATED,,,_externalAcademics.GetFacultiesAsync;_logger.LogError;_logger.LogInformation;_logger.LogWarning
ProjectFlatReportService,LoadExternalProfilesAsync,tesisproject.backend/Services/Implementations/ProjectFlatReportService.cs:458,EXTERNAL_BOUNDARY,CREATED,,,_externalDirectory.GetAllAsync;_logger.LogError;_logger.LogInformation;_logger.LogWarning
ProjectFlatReportService,ProjectFlatReportService,tesisproject.backend/Services/Implementations/ProjectFlatReportService.cs:25,DIRECT,CREATED,,,
ProjectFlatReportService,ToFirstByKey,tesisproject.backend/Services/Implementations/ProjectFlatReportService.cs:516,DIRECT,CREATED,,,
ProjectMatrixService,AddIfFound,tesisproject.backend/Services/Implementations/ProjectMatrixService.cs:796,DIRECT,CREATED,,,
ProjectMatrixService,AddIndexes,tesisproject.backend/Services/Implementations/ProjectMatrixService.cs:603,DIRECT,CREATED,,,
ProjectMatrixService,AddRangeIfPresent,tesisproject.backend/Services/Implementations/ProjectMatrixService.cs:639,DIRECT,CREATED,,,
ProjectMatrixService,AddSummaryError,tesisproject.backend/Services/Implementations/ProjectMatrixService.cs:348,DIRECT,CREATED,,,
ProjectMatrixService,BuildColumnMap,tesisproject.backend/Services/Implementations/ProjectMatrixService.cs:651,DIRECT,CREATED,,,
ProjectMatrixService,BuildDocuments,tesisproject.backend/Services/Implementations/ProjectMatrixService.cs:1161,DIRECT,CREATED,,,
ProjectMatrixService,BuildExtensions,tesisproject.backend/Services/Implementations/ProjectMatrixService.cs:1089,DIRECT,CREATED,,,
ProjectMatrixService,BuildExternalFlagsMatrix,tesisproject.backend/Services/Implementations/ProjectMatrixService.cs:521,DIRECT,CREATED,,,
ProjectMatrixService,BuildFinancialMatrix,tesisproject.backend/Services/Implementations/ProjectMatrixService.cs:500,DIRECT,CREATED,,,
ProjectMatrixService,BuildFullMatrix,tesisproject.backend/Services/Implementations/ProjectMatrixService.cs:566,DIRECT,CREATED,,,
ProjectMatrixService,BuildImportedProjects,tesisproject.backend/Services/Implementations/ProjectMatrixService.cs:968,DIRECT,CREATED,,,
ProjectMatrixService,BuildObjectiveHeaders,tesisproject.backend/Services/Implementations/ProjectMatrixService.cs:384,DIRECT,CREATED,,,
ProjectMatrixService,BuildObjectiveMatrix,tesisproject.backend/Services/Implementations/ProjectMatrixService.cs:468,DIRECT,CREATED,,,
ProjectMatrixService,BuildProjectMatrix,tesisproject.backend/Services/Implementations/ProjectMatrixService.cs:405,DIRECT,CREATED,,,
ProjectMatrixService,BuildVisitPeriods,tesisproject.backend/Services/Implementations/ProjectMatrixService.cs:1124,DIRECT,CREATED,,,
ProjectMatrixService,CollapseSpaces,tesisproject.backend/Services/Implementations/ProjectMatrixService.cs:1411,DIRECT,CREATED,,,
ProjectMatrixService,ExtractColumnsSection,tesisproject.backend/Services/Implementations/ProjectMatrixService.cs:862,DIRECT,CREATED,,,
ProjectMatrixService,FailOperationCanceled,tesisproject.backend/Services/Implementations/ProjectMatrixService.cs:318,DIRECT,CREATED,,,
ProjectMatrixService,FailUnexpected,tesisproject.backend/Services/Implementations/ProjectMatrixService.cs:312,DIRECT,CREATED,,,
ProjectMatrixService,GetByHeader,tesisproject.backend/Services/Implementations/ProjectMatrixService.cs:1474,DIRECT,CREATED,,,
ProjectMatrixService,GetHeadersByIndexes,tesisproject.backend/Services/Implementations/ProjectMatrixService.cs:375,DIRECT,CREATED,,,
ProjectMatrixService,GetIndexOrDefault,tesisproject.backend/Services/Implementations/ProjectMatrixService.cs:553,DIRECT,CREATED,,,
ProjectMatrixService,HasPositiveValue,tesisproject.backend/Services/Implementations/ProjectMatrixService.cs:621,DIRECT,CREATED,,,
ProjectMatrixService,IndexOfFirst,tesisproject.backend/Services/Implementations/ProjectMatrixService.cs:1490,DIRECT,CREATED,,,
ProjectMatrixService,IsAllEmpty,tesisproject.backend/Services/Implementations/ProjectMatrixService.cs:357,DIRECT,CREATED,,,
ProjectMatrixService,IsTransferredRow,tesisproject.backend/Services/Implementations/ProjectMatrixService.cs:362,DIRECT,CREATED,,,
ProjectMatrixService,LooksLikeRealName,tesisproject.backend/Services/Implementations/ProjectMatrixService.cs:1421,DIRECT,CREATED,,,
ProjectMatrixService,LooksLikeResolutionCode,tesisproject.backend/Services/Implementations/ProjectMatrixService.cs:1259,DIRECT,CREATED,,,
ProjectMatrixService,NormalizeAndUnifyTextColumn,tesisproject.backend/Services/Implementations/ProjectMatrixService.cs:889,DIRECT,CREATED,,,
ProjectMatrixService,NormalizeDecimalNumber,tesisproject.backend/Services/Implementations/ProjectMatrixService.cs:804,DIRECT,CREATED,,,
ProjectMatrixService,NormalizeHeader,tesisproject.backend/Services/Implementations/ProjectMatrixService.cs:841,DIRECT,CREATED,,,
ProjectMatrixService,NormalizePersonKey,tesisproject.backend/Services/Implementations/ProjectMatrixService.cs:1433,DIRECT,CREATED,,,
ProjectMatrixService,ParseDate,tesisproject.backend/Services/Implementations/ProjectMatrixService.cs:1537,DIRECT,CREATED,,,
ProjectMatrixService,ParseDecimal,tesisproject.backend/Services/Implementations/ProjectMatrixService.cs:1519,DIRECT,CREATED,,,
ProjectMatrixService,ParseInt,tesisproject.backend/Services/Implementations/ProjectMatrixService.cs:1508,DIRECT,CREATED,,,
ProjectMatrixService,ParsePeopleFromCell,tesisproject.backend/Services/Implementations/ProjectMatrixService.cs:1286,DIRECT,CREATED,,,
ProjectMatrixService,PrintMatrixPreview,tesisproject.backend/Services/Implementations/ProjectMatrixService.cs:1058,DIRECT,CREATED,,,
ProjectMatrixService,ProjectMatrixService,tesisproject.backend/Services/Implementations/ProjectMatrixService.cs:35,DIRECT,CREATED,,,
ProjectMatrixService,RemoveIndexes,tesisproject.backend/Services/Implementations/ProjectMatrixService.cs:612,DIRECT,CREATED,,,
ProjectMatrixService,RemoveLeadingTitles,tesisproject.backend/Services/Implementations/ProjectMatrixService.cs:1388,DIRECT,CREATED,,,
ProjectMatrixService,RemoveTrailingPunctuation,tesisproject.backend/Services/Implementations/ProjectMatrixService.cs:1416,DIRECT,CREATED,,,
ProjectMatrixService,SafeGet,tesisproject.backend/Services/Implementations/ProjectMatrixService.cs:1500,DIRECT,CREATED,,,
ProjectMatrixService,UploadAsync,tesisproject.backend/Services/Implementations/ProjectMatrixService.cs:43,LOGIC_CHANGE,TODO_LOGIC,,,_logger.LogInformation;_projectService.ImportFromMatrixAsync
ProjectMatrixService,UppercaseColumn,tesisproject.backend/Services/Implementations/ProjectMatrixService.cs:450,DIRECT,CREATED,,,
ProjectMatrixService,ValidationFailure,tesisproject.backend/Services/Implementations/ProjectMatrixService.cs:324,DIRECT,CREATED,,,
ProjectObjectiveService,CollectObjectiveActivityIds,tesisproject.backend/Services/Implementations/ProjectObjectiveService.cs:330,DIRECT,CREATED,,,
ProjectObjectiveService,CreateAsync,tesisproject.backend/Services/Implementations/ProjectObjectiveService.cs:145,DIRECT,CREATED,184,ObjectiveTypes;ProjectObjectives;SaveChangesAsync,_uow.ObjectiveTypes;_uow.ProjectObjectives;_uow.SaveChangesAsync
ProjectObjectiveService,DeleteAsync,tesisproject.backend/Services/Implementations/ProjectObjectiveService.cs:262,DIRECT,CREATED,274,ProjectObjectives;SaveChangesAsync,_uow.ProjectObjectives;_uow.SaveChangesAsync
ProjectObjectiveService,FailNotFound,tesisproject.backend/Services/Implementations/ProjectObjectiveService.cs:327,DIRECT,CREATED,,,
ProjectObjectiveService,FailValidation,tesisproject.backend/Services/Implementations/ProjectObjectiveService.cs:324,DIRECT,CREATED,,,
ProjectObjectiveService,GetByIdAsync,tesisproject.backend/Services/Implementations/ProjectObjectiveService.cs:119,DIRECT,CREATED,,ProjectObjectives,_uow.ProjectObjectives
ProjectObjectiveService,GetByProjectWithActivitiesAsync,tesisproject.backend/Services/Implementations/ProjectObjectiveService.cs:58,DIRECT,CREATED,,ProjectObjectives;VisitObjectiveActivityProgresses,_uow.ProjectObjectives;_uow.VisitObjectiveActivityProgresses
ProjectObjectiveService,ListByProjectAsync,tesisproject.backend/Services/Implementations/ProjectObjectiveService.cs:32,DIRECT,CREATED,,ProjectObjectives,_uow.ProjectObjectives
ProjectObjectiveService,ListByProjectWithActivitiesAsync,tesisproject.backend/Services/Implementations/ProjectObjectiveService.cs:279,DIRECT,CREATED,,ProjectObjectives;VisitObjectiveActivityProgresses,_uow.ProjectObjectives;_uow.VisitObjectiveActivityProgresses
ProjectObjectiveService,ProjectObjectiveService,tesisproject.backend/Services/Implementations/ProjectObjectiveService.cs:25,DIRECT,CREATED,,,
ProjectObjectiveService,UpdateAsync,tesisproject.backend/Services/Implementations/ProjectObjectiveService.cs:202,DIRECT,CREATED,244,ObjectiveTypes;ProjectObjectives;SaveChangesAsync,_uow.ObjectiveTypes;_uow.ProjectObjectives;_uow.SaveChangesAsync
ProjectResearchCategoryService,CreateAsync,tesisproject.backend/Services/Implementations/ProjectResearchCategoryService.cs:60,DIRECT,CREATED,74,ProjectResearchCategories;SaveChangesAsync,_uow.ProjectResearchCategories;_uow.SaveChangesAsync
ProjectResearchCategoryService,DeleteAsync,tesisproject.backend/Services/Implementations/ProjectResearchCategoryService.cs:105,DIRECT,CREATED,119,ProjectResearchCategories;SaveChangesAsync,_uow.ProjectResearchCategories;_uow.SaveChangesAsync
ProjectResearchCategoryService,FailNotFound,tesisproject.backend/Services/Implementations/ProjectResearchCategoryService.cs:129,DIRECT,CREATED,,,
ProjectResearchCategoryService,FailValidation,tesisproject.backend/Services/Implementations/ProjectResearchCategoryService.cs:126,DIRECT,CREATED,,,
ProjectResearchCategoryService,GetByIdAsync,tesisproject.backend/Services/Implementations/ProjectResearchCategoryService.cs:40,DIRECT,CREATED,,ProjectResearchCategories,_uow.ProjectResearchCategories
ProjectResearchCategoryService,ListAsync,tesisproject.backend/Services/Implementations/ProjectResearchCategoryService.cs:26,DIRECT,CREATED,,ProjectResearchCategories,_uow.ProjectResearchCategories
ProjectResearchCategoryService,MapToDetailDTO,tesisproject.backend/Services/Implementations/ProjectResearchCategoryService.cs:140,DIRECT,CREATED,,,
ProjectResearchCategoryService,MapToListItemDTO,tesisproject.backend/Services/Implementations/ProjectResearchCategoryService.cs:132,DIRECT,CREATED,,,
ProjectResearchCategoryService,ProjectResearchCategoryService,tesisproject.backend/Services/Implementations/ProjectResearchCategoryService.cs:19,DIRECT,CREATED,,,
ProjectResearchCategoryService,UpdateAsync,tesisproject.backend/Services/Implementations/ProjectResearchCategoryService.cs:81,DIRECT,CREATED,98,ProjectResearchCategories;SaveChangesAsync,_uow.ProjectResearchCategories;_uow.SaveChangesAsync
ProjectService,ApplyUpdate,tesisproject.backend/Services/Implementations/ProjectService.cs:2097,DIRECT,CREATED,,,
ProjectService,CreateAsync,tesisproject.backend/Services/Implementations/ProjectService.cs:217,LOGIC_CHANGE,TODO_LOGIC,244,Projects;SaveChangesAsync,_uow.Projects;_uow.SaveChangesAsync
ProjectService,CreateFullAsync,tesisproject.backend/Services/Implementations/ProjectService.cs:414,LOGIC_CHANGE,TODO_LOGIC,877,Budgets;ExternalResearcherProjects;GroupMembers;Groups;ObjectiveActivities;ProjectDocuments;ProjectObjectives;ProjectResearchCategories;Projects;SaveChangesAsync,_appUsers.EnsureAppUsersAsync;_externalDirectory.GetByEmailsAsync;_externalDistributivosRaw.GetDistributivosByCorreosAsync;_externalPeriods.GetAllAsync;_uow.Budgets;_uow.ExternalResearcherProjects;_uow.GroupMembers;_uow.Groups;_uow.ObjectiveActivities;_uow.ProjectDocuments;_uow.ProjectObjectives;_uow.ProjectResearchCategories;_uow.Projects;_uow.SaveChangesAsync
ProjectService,DeleteAsync,tesisproject.backend/Services/Implementations/ProjectService.cs:313,DIRECT,CREATED,326,Projects;SaveChangesAsync,_uow.Projects;_uow.SaveChangesAsync
ProjectService,FailActorUserNotFound,tesisproject.backend/Services/Implementations/ProjectService.cs:2115,DIRECT,CREATED,,,
ProjectService,FailConflict,tesisproject.backend/Services/Implementations/ProjectService.cs:2143,DIRECT,CREATED,,,
ProjectService,FailNotFound,tesisproject.backend/Services/Implementations/ProjectService.cs:2131,DIRECT,CREATED,,,
ProjectService,FailUnauthorized,tesisproject.backend/Services/Implementations/ProjectService.cs:2109,DIRECT,CREATED,,,
ProjectService,FailUnexpected,tesisproject.backend/Services/Implementations/ProjectService.cs:2137,DIRECT,CREATED,,,
ProjectService,FailValidation,tesisproject.backend/Services/Implementations/ProjectService.cs:2121,DIRECT,CREATED,,,
ProjectService,FilterToLeafCategories,tesisproject.backend/Services/Implementations/ProjectService.cs:1860,DIRECT,CREATED,,,
ProjectService,GenerateUniqueProjectCodeAsync,tesisproject.backend/Services/Implementations/ProjectService.cs:1835,DIRECT,CREATED,,Projects,_uow.Projects
ProjectService,GetAllAsync,tesisproject.backend/Services/Implementations/ProjectService.cs:89,DIRECT,CREATED,,Projects,_uow.Projects
ProjectService,GetByIdAsync,tesisproject.backend/Services/Implementations/ProjectService.cs:141,DIRECT,CREATED,,Projects,_uow.Projects
ProjectService,GetByTypeAsync,tesisproject.backend/Services/Implementations/ProjectService.cs:184,DIRECT,CREATED,,Projects,_uow.Projects
ProjectService,GetExistingActorUserIdAsync,tesisproject.backend/Services/Implementations/ProjectService.cs:1770,DIRECT,CREATED,,AppUsers,_currentUser.GetRequiredUserId;_uow.AppUsers
ProjectService,GetProjectDetailAsync,tesisproject.backend/Services/Implementations/ProjectService.cs:340,DIRECT,CREATED,,ProjectDocuments;Projects,_uow.ProjectDocuments;_uow.Projects
ProjectService,ImportFromMatrixAsync,tesisproject.backend/Services/Implementations/ProjectService.cs:1150,LOGIC_CHANGE,TODO_LOGIC,1738,Budgets;Convocations;DocumentTypes;Documents;ExternalResearcherProjects;Groups;ProjectDocuments;ProjectExtensions;ProjectObjectives;ProjectResearchCategories;ProjectStates;Projects;SaveChangesAsync;Visits,_externalAcademics.GetFacultiesAsync;_externalDirectory.GetAllAsync;_externalPeriods.GetAllAsync;_logger.LogError;_logger.LogInformation;_researchCategoryService.ListAsync;_uow.Budgets;_uow.Convocations;_uow.DocumentTypes;_uow.Documents;_uow.ExternalResearcherProjects;_uow.Groups;_uow.ProjectDocuments;_uow.ProjectExtensions;_uow.ProjectObjectives;_uow.ProjectResearchCategories;_uow.ProjectStates;_uow.Projects;_uow.SaveChangesAsync;_uow.Visits
ProjectService,InsertGroupMembersFromDirectoryAsync,tesisproject.backend/Services/Implementations/ProjectService.cs:992,LOGIC_CHANGE,TODO_LOGIC,,GroupMembers,_appUsers.EnsureAppUsersAsync;_uow.GroupMembers
ProjectService,MapToDTO,tesisproject.backend/Services/Implementations/ProjectService.cs:916,DIRECT,CREATED,,,
ProjectService,MapToEntity,tesisproject.backend/Services/Implementations/ProjectService.cs:900,LOGIC_CHANGE,TODO_LOGIC,,,
ProjectService,NormalizeHeader,tesisproject.backend/Services/Implementations/ProjectService.cs:1814,DIRECT,CREATED,,,
ProjectService,ProjectService,tesisproject.backend/Services/Implementations/ProjectService.cs:65,DIRECT,CREATED,,,
ProjectService,RelayFailure,tesisproject.backend/Services/Implementations/ProjectService.cs:2149,DIRECT,CREATED,,,
ProjectService,ResolveAcademicPeriodId,tesisproject.backend/Services/Implementations/ProjectService.cs:2063,DIRECT,CREATED,,,
ProjectService,ResolveAppRoleFromMemberRole,tesisproject.backend/Services/Implementations/ProjectService.cs:1761,DIRECT,CREATED,,,
ProjectService,ResolveDocumentTypeId,tesisproject.backend/Services/Implementations/ProjectService.cs:1777,DIRECT,CREATED,,,
ProjectService,ResolveFacultyExternalId,tesisproject.backend/Services/Implementations/ProjectService.cs:1931,DIRECT,CREATED,,,
ProjectService,ResolveOrCreateConvocationAsync,tesisproject.backend/Services/Implementations/ProjectService.cs:1966,DIRECT,CREATED,,,
ProjectService,ResolveProjectStateId,tesisproject.backend/Services/Implementations/ProjectService.cs:2016,DIRECT,CREATED,,,
ProjectService,ResolveResearchCategoryId,tesisproject.backend/Services/Implementations/ProjectService.cs:1890,DIRECT,CREATED,,,
ProjectService,UpdateAsync,tesisproject.backend/Services/Implementations/ProjectService.cs:281,DIRECT,CREATED,295,Projects;SaveChangesAsync,_uow.Projects;_uow.SaveChangesAsync
ProjectService,UpdateResearchCategoriesAsync,tesisproject.backend/Services/Implementations/ProjectService.cs:933,DIRECT,CREATED,982,ProjectResearchCategories;Projects;SaveChangesAsync,_uow.ProjectResearchCategories;_uow.Projects;_uow.SaveChangesAsync
ProjectsFiltersService,BuildResearchCategoryTypesAsync,tesisproject.backend/Services/Implementations/ProjectsFiltersService.cs:90,DIRECT,CREATED,,,_researchTypes.Query
ProjectsFiltersService,GetBootstrapAsync,tesisproject.backend/Services/Implementations/ProjectsFiltersService.cs:29,LOGIC_CHANGE,TODO_LOGIC,,,_catalogs.GetKeyValuesAsync;_extTypes.GetFacultiesKeyValuesAsync
ProjectsFiltersService,GetDataOrEmpty,tesisproject.backend/Services/Implementations/ProjectsFiltersService.cs:80,DIRECT,CREATED,,,
ProjectsFiltersService,ProjectsFiltersService,tesisproject.backend/Services/Implementations/ProjectsFiltersService.cs:19,DIRECT,CREATED,,,
ResearchCategoryService,BuildTree,tesisproject.backend/Services/Implementations/ResearchCategoryService.cs:363,DIRECT,CREATED,,,
ResearchCategoryService,CreateAsync,tesisproject.backend/Services/Implementations/ResearchCategoryService.cs:92,DIRECT,CREATED,152,ResearchCategories;SaveChangesAsync,_uow.ResearchCategories;_uow.SaveChangesAsync
ResearchCategoryService,DeleteAsync,tesisproject.backend/Services/Implementations/ResearchCategoryService.cs:260,DIRECT,CREATED,284,ResearchCategories;SaveChangesAsync,_uow.ResearchCategories;_uow.SaveChangesAsync
ResearchCategoryService,EnsureParentExistsAsync,tesisproject.backend/Services/Implementations/ResearchCategoryService.cs:356,DIRECT,CREATED,,ResearchCategories,_uow.ResearchCategories
ResearchCategoryService,GetByIdAsync,tesisproject.backend/Services/Implementations/ResearchCategoryService.cs:62,DIRECT,CREATED,,,
ResearchCategoryService,GetTreeAsync,tesisproject.backend/Services/Implementations/ResearchCategoryService.cs:44,DIRECT,CREATED,,ResearchCategories,_uow.ResearchCategories
ResearchCategoryService,ListAsync,tesisproject.backend/Services/Implementations/ResearchCategoryService.cs:23,DIRECT,CREATED,,ResearchCategories,_uow.ResearchCategories
ResearchCategoryService,NormalizeName,tesisproject.backend/Services/Implementations/ResearchCategoryService.cs:351,DIRECT,CREATED,,,
ResearchCategoryService,QueryWithTypeAndParent,tesisproject.backend/Services/Implementations/ResearchCategoryService.cs:313,DIRECT,CREATED,,ResearchCategories,_uow.ResearchCategories
ResearchCategoryService,ResearchCategoryService,tesisproject.backend/Services/Implementations/ResearchCategoryService.cs:16,DIRECT,CREATED,,,
ResearchCategoryService,ToDetailDto,tesisproject.backend/Services/Implementations/ResearchCategoryService.cs:337,DIRECT,CREATED,,,
ResearchCategoryService,ToListItemDto,tesisproject.backend/Services/Implementations/ResearchCategoryService.cs:321,DIRECT,CREATED,,,
ResearchCategoryService,UpdateAsync,tesisproject.backend/Services/Implementations/ResearchCategoryService.cs:163,DIRECT,CREATED,249,ResearchCategories;SaveChangesAsync,_uow.ResearchCategories;_uow.SaveChangesAsync
ResearchCategoryService,ValidationFailure,tesisproject.backend/Services/Implementations/ResearchCategoryService.cs:289,DIRECT,CREATED,,,
ResearchCategoryTypeService,CreateAsync,tesisproject.backend/Services/Implementations/ResearchCategoryTypeService.cs:72,DIRECT,CREATED,92,ResearchCategoryTypes;SaveChangesAsync,_uow.ResearchCategoryTypes;_uow.SaveChangesAsync
ResearchCategoryTypeService,DeleteAsync,tesisproject.backend/Services/Implementations/ResearchCategoryTypeService.cs:128,DIRECT,CREATED,138,ResearchCategoryTypes;SaveChangesAsync,_uow.ResearchCategoryTypes;_uow.SaveChangesAsync
ResearchCategoryTypeService,GetByIdAsync,tesisproject.backend/Services/Implementations/ResearchCategoryTypeService.cs:48,DIRECT,CREATED,,ResearchCategoryTypes,_uow.ResearchCategoryTypes
ResearchCategoryTypeService,ListAsync,tesisproject.backend/Services/Implementations/ResearchCategoryTypeService.cs:27,DIRECT,CREATED,,ResearchCategoryTypes,_uow.ResearchCategoryTypes
ResearchCategoryTypeService,ResearchCategoryTypeService,tesisproject.backend/Services/Implementations/ResearchCategoryTypeService.cs:19,DIRECT,CREATED,,,
ResearchCategoryTypeService,ToDetailDto,tesisproject.backend/Services/Implementations/ResearchCategoryTypeService.cs:155,DIRECT,CREATED,,,
ResearchCategoryTypeService,ToDetailItemDto,tesisproject.backend/Services/Implementations/ResearchCategoryTypeService.cs:169,DIRECT,CREATED,,,
ResearchCategoryTypeService,ToListItemDto,tesisproject.backend/Services/Implementations/ResearchCategoryTypeService.cs:143,DIRECT,CREATED,,,
ResearchCategoryTypeService,UpdateAsync,tesisproject.backend/Services/Implementations/ResearchCategoryTypeService.cs:101,DIRECT,CREATED,120,ResearchCategoryTypes;SaveChangesAsync,_uow.ResearchCategoryTypes;_uow.SaveChangesAsync
VisitIssueService,CreateAsync,tesisproject.backend/Services/Implementations/VisitIssueService.cs:34,ADAPTABLE,CREATED,57,SaveChangesAsync,_issueRepo.AddAsync;_uow.SaveChangesAsync
VisitIssueService,DeleteAsync,tesisproject.backend/Services/Implementations/VisitIssueService.cs:142,ADAPTABLE,CREATED,151,SaveChangesAsync,_issueRepo.FirstOrDefaultAsync;_issueRepo.Remove;_uow.SaveChangesAsync
VisitIssueService,FailUserNotFound,tesisproject.backend/Services/Implementations/VisitIssueService.cs:178,ADAPTABLE,CREATED,,,
VisitIssueService,FailVisitIssueNotFound,tesisproject.backend/Services/Implementations/VisitIssueService.cs:172,ADAPTABLE,CREATED,,,
VisitIssueService,FailVisitNotFound,tesisproject.backend/Services/Implementations/VisitIssueService.cs:166,ADAPTABLE,CREATED,,,
VisitIssueService,GetByIdAsync,tesisproject.backend/Services/Implementations/VisitIssueService.cs:73,ADAPTABLE,CREATED,,,_issueRepo.GetByIdWithRefsAsync
VisitIssueService,GetExistingActorUserIdAsync,tesisproject.backend/Services/Implementations/VisitIssueService.cs:159,ADAPTABLE,CREATED,,AppUsers,_currentUser.GetRequiredUserId;_uow.AppUsers
VisitIssueService,ListByVisitAsync,tesisproject.backend/Services/Implementations/VisitIssueService.cs:87,ADAPTABLE,CREATED,,,_issueRepo.GetByVisitAsync
VisitIssueService,ToResponse,tesisproject.backend/Services/Implementations/VisitIssueService.cs:187,ADAPTABLE,CREATED,,,
VisitIssueService,UpdateAsync,tesisproject.backend/Services/Implementations/VisitIssueService.cs:104,ADAPTABLE,CREATED,126,SaveChangesAsync,_issueRepo.FirstOrDefaultAsync;_issueRepo.Update;_uow.SaveChangesAsync
VisitIssueService,VisitExistsAsync,tesisproject.backend/Services/Implementations/VisitIssueService.cs:156,ADAPTABLE,CREATED,,,_visitRepo.ExistsAsync
VisitIssueService,VisitIssueService,tesisproject.backend/Services/Implementations/VisitIssueService.cs:19,ADAPTABLE,CREATED,,,
VisitObjectiveActivityProgressService,ActivityBelongsToProjectAsync,tesisproject.backend/Services/Implementations/VisitObjectiveActivityProgressService.cs:181,DIRECT,CREATED,,ObjectiveActivities;ProjectObjectives,_uow.ObjectiveActivities;_uow.ProjectObjectives
VisitObjectiveActivityProgressService,BuildSingleResponseDto,tesisproject.backend/Services/Implementations/VisitObjectiveActivityProgressService.cs:213,DIRECT,CREATED,,,
VisitObjectiveActivityProgressService,DeleteAsync,tesisproject.backend/Services/Implementations/VisitObjectiveActivityProgressService.cs:152,DIRECT,CREATED,164,SaveChangesAsync;VisitObjectiveActivityProgresses,_uow.SaveChangesAsync;_uow.VisitObjectiveActivityProgresses
VisitObjectiveActivityProgressService,FailConflict,tesisproject.backend/Services/Implementations/VisitObjectiveActivityProgressService.cs:232,DIRECT,CREATED,,,
VisitObjectiveActivityProgressService,IsProgressOutOfRange,tesisproject.backend/Services/Implementations/VisitObjectiveActivityProgressService.cs:178,DIRECT,CREATED,,,
VisitObjectiveActivityProgressService,SumOtherProgressAsync,tesisproject.backend/Services/Implementations/VisitObjectiveActivityProgressService.cs:195,DIRECT,CREATED,,VisitObjectiveActivityProgresses;Visits,_uow.VisitObjectiveActivityProgresses;_uow.Visits
VisitObjectiveActivityProgressService,UpsertSingleAsync,tesisproject.backend/Services/Implementations/VisitObjectiveActivityProgressService.cs:36,DIRECT,CREATED,125,SaveChangesAsync;VisitObjectiveActivityProgresses;Visits,_uow.SaveChangesAsync;_uow.VisitObjectiveActivityProgresses;_uow.Visits
VisitObjectiveActivityProgressService,VisitObjectiveActivityProgressService,tesisproject.backend/Services/Implementations/VisitObjectiveActivityProgressService.cs:31,DIRECT,CREATED,,,
VisitService,BulkScheduleAsync,tesisproject.backend/Services/Implementations/VisitService.cs:479,DIRECT,CREATED,522,SaveChangesAsync;Visits,_uow.SaveChangesAsync;_uow.Visits
VisitService,CreateAsync,tesisproject.backend/Services/Implementations/VisitService.cs:38,DIRECT,CREATED,58,SaveChangesAsync;Visits,_uow.SaveChangesAsync;_uow.Visits
VisitService,DeleteAsync,tesisproject.backend/Services/Implementations/VisitService.cs:224,DIRECT,CREATED,238,SaveChangesAsync;Visits,_uow.SaveChangesAsync;_uow.Visits
VisitService,FailConflict,tesisproject.backend/Services/Implementations/VisitService.cs:571,DIRECT,CREATED,,,
VisitService,FailUnexpected,tesisproject.backend/Services/Implementations/VisitService.cs:579,DIRECT,CREATED,,,
VisitService,FinalizeAsync,tesisproject.backend/Services/Implementations/VisitService.cs:275,DIRECT,CREATED,317,SaveChangesAsync;VisitStates;Visits,_uow.SaveChangesAsync;_uow.VisitStates;_uow.Visits
VisitService,GetByIdAsync,tesisproject.backend/Services/Implementations/VisitService.cs:79,DIRECT,CREATED,,Visits,_uow.Visits
VisitService,GetVisitDetailAsync,tesisproject.backend/Services/Implementations/VisitService.cs:254,DIRECT,CREATED,,Visits,_uow.Visits
VisitService,ListAsync,tesisproject.backend/Services/Implementations/VisitService.cs:102,DIRECT,CREATED,,Visits,_uow.Visits
VisitService,ListByProjectAsync,tesisproject.backend/Services/Implementations/VisitService.cs:136,DIRECT,CREATED,,Visits,_uow.Visits
VisitService,ListByStateAsync,tesisproject.backend/Services/Implementations/VisitService.cs:410,DIRECT,CREATED,,Visits,_uow.Visits
VisitService,ListPlannedForExecutionAsync,tesisproject.backend/Services/Implementations/VisitService.cs:338,DIRECT,CREATED,,Projects,_uow.Projects
VisitService,LoadWithRefsOrFailAsync,tesisproject.backend/Services/Implementations/VisitService.cs:552,DIRECT,CREATED,,Visits,_uow.Visits
VisitService,MapToDetailDTO,tesisproject.backend/Services/Implementations/VisitService.cs:540,DIRECT,CREATED,,,
VisitService,MapToListDTO,tesisproject.backend/Services/Implementations/VisitService.cs:529,DIRECT,CREATED,,,
VisitService,UpdateAsync,tesisproject.backend/Services/Implementations/VisitService.cs:168,DIRECT,CREATED,203,SaveChangesAsync;Visits,_uow.SaveChangesAsync;_uow.Visits
VisitService,VisitService,tesisproject.backend/Services/Implementations/VisitService.cs:31,DIRECT,CREATED,,,
