model,source,target,owner,name,type,path,line
legacy,ExternalResearcherProject,ExternalResearcher,C-Users-marlo-source-repos-TesisProject.tesisproject.shared.Entities.Core.ExternalResearcherProject.ExternalResearcherProject,ExternalResearcher,ExternalResearcher,tesisproject.shared/Entities/Core/ExternalResearcherProject.cs,50
legacy,ExternalResearcherProject,Project,C-Users-marlo-source-repos-TesisProject.tesisproject.shared.Entities.Core.ExternalResearcherProject.ExternalResearcherProject,Project,Project,tesisproject.shared/Entities/Core/ExternalResearcherProject.cs,51
legacy,ProjectExtension,Project,C-Users-marlo-source-repos-TesisProject.tesisproject.shared.Entities.Core.ProjectExtension.ProjectExtension,Project,Project,tesisproject.shared/Entities/Core/ProjectExtension.cs,36
legacy,ProjectExtension,Document,C-Users-marlo-source-repos-TesisProject.tesisproject.shared.Entities.Core.ProjectExtension.ProjectExtension,Document,Document?,tesisproject.shared/Entities/Core/ProjectExtension.cs,37
legacy,ProjectExtension,ProjectExtensionType,C-Users-marlo-source-repos-TesisProject.tesisproject.shared.Entities.Core.ProjectExtension.ProjectExtension,ProjectExtensionType,ProjectExtensionType?,tesisproject.shared/Entities/Core/ProjectExtension.cs,38
legacy,ExportTemplateColumn,ExportTemplate,C-Users-marlo-source-repos-TesisProject.tesisproject.shared.Entities.Export.ExportTemplateColumn.ExportTemplateColumn,Template,ExportTemplate,tesisproject.shared/Entities/Export/ExportTemplateColumn.cs,62
legacy,ExportTemplateColumn,ExportField,C-Users-marlo-source-repos-TesisProject.tesisproject.shared.Entities.Export.ExportTemplateColumn.ExportTemplateColumn,ExportField,ExportField,tesisproject.shared/Entities/Export/ExportTemplateColumn.cs,65
legacy,ObjectiveActivityUser,ObjectiveActivity,C-Users-marlo-source-repos-TesisProject.tesisproject.shared.Entities.Core.ObjectiveActivityUser.ObjectiveActivityUser,ObjectiveActivity,ObjectiveActivity,tesisproject.shared/Entities/Core/ObjectiveActivityUser.cs,43
legacy,ObjectiveActivityUser,Visit,C-Users-marlo-source-repos-TesisProject.tesisproject.shared.Entities.Core.ObjectiveActivityUser.ObjectiveActivityUser,Visit,Visit,tesisproject.shared/Entities/Core/ObjectiveActivityUser.cs,44
legacy,DimProjectState,FactProject,C-Users-marlo-source-repos-TesisProject.tesisproject.shared.Entities.Analytics.Dw.Dimensions.DimProjectState.DimProjectState,Projects,ICollection<FactProject>,tesisproject.shared/Entities/Analytics/Dw/Dimensions/DimProjectState.cs,23
legacy,Institution,Country,C-Users-marlo-source-repos-TesisProject.tesisproject.shared.Entities.Catalogs.Institution.Institution,Country,Country?,tesisproject.shared/Entities/Catalogs/Institution.cs,20
legacy,DimIndexingDatabase,FactProduct,C-Users-marlo-source-repos-TesisProject.tesisproject.shared.Entities.Analytics.Dw.Dimensions.DimIndexingDatabase.DimIndexingDatabase,Products,ICollection<FactProduct>,tesisproject.shared/Entities/Analytics/Dw/Dimensions/DimIndexingDatabase.cs,19
legacy,ConvocationRule,Convocation,C-Users-marlo-source-repos-TesisProject.tesisproject.shared.Entities.Core.ConvocationRule.ConvocationRule,Convocation,Convocation?,tesisproject.shared/Entities/Core/ConvocationRule.cs,18
legacy,ConvocationRule,ConvocationRuleIndexing,C-Users-marlo-source-repos-TesisProject.tesisproject.shared.Entities.Core.ConvocationRule.ConvocationRule,AllowedIndexings,ICollection<ConvocationRuleIndexing>?,tesisproject.shared/Entities/Core/ConvocationRule.cs,29
legacy,UserFacultyScopeAssignment,AppUser,C-Users-marlo-source-repos-TesisProject.tesisproject.shared.Entities.Core.UserFacultyScopeAssignment.UserFacultyScopeAssignment,User,AppUser,tesisproject.shared/Entities/Core/UserFacultyScopeAssignment.cs,18
legacy,UserFacultyScopeAssignment,FacultyScope,C-Users-marlo-source-repos-TesisProject.tesisproject.shared.Entities.Core.UserFacultyScopeAssignment.UserFacultyScopeAssignment,FacultyScope,FacultyScope,tesisproject.shared/Entities/Core/UserFacultyScopeAssignment.cs,19
legacy,ProductValue,Product,C-Users-marlo-source-repos-TesisProject.tesisproject.shared.Entities.Core.Products.ProductValue.ProductValue,Product,Product?,tesisproject.shared/Entities/Core/Products/ProductValue.cs,49
legacy,ProductValue,ProductAttributeDefinition,C-Users-marlo-source-repos-TesisProject.tesisproject.shared.Entities.Core.Products.ProductValue.ProductValue,AttributeDefinition,ProductAttributeDefinition?,tesisproject.shared/Entities/Core/Products/ProductValue.cs,50
legacy,FactProduct,DimFaculty,C-Users-marlo-source-repos-TesisProject.tesisproject.shared.Entities.Analytics.Dw.Facts.FactProduct.FactProduct,Faculty,DimFaculty,tesisproject.shared/Entities/Analytics/Dw/Facts/FactProduct.cs,33
legacy,FactProduct,DimProductType,C-Users-marlo-source-repos-TesisProject.tesisproject.shared.Entities.Analytics.Dw.Facts.FactProduct.FactProduct,ProductType,DimProductType,tesisproject.shared/Entities/Analytics/Dw/Facts/FactProduct.cs,34
legacy,FactProduct,DimDate,C-Users-marlo-source-repos-TesisProject.tesisproject.shared.Entities.Analytics.Dw.Facts.FactProduct.FactProduct,CreatedDate,DimDate,tesisproject.shared/Entities/Analytics/Dw/Facts/FactProduct.cs,36
legacy,FactProduct,DimIndexingDatabase,C-Users-marlo-source-repos-TesisProject.tesisproject.shared.Entities.Analytics.Dw.Facts.FactProduct.FactProduct,IndexingDatabase,DimIndexingDatabase?,tesisproject.shared/Entities/Analytics/Dw/Facts/FactProduct.cs,39
legacy,FactProduct,DimQuartile,C-Users-marlo-source-repos-TesisProject.tesisproject.shared.Entities.Analytics.Dw.Facts.FactProduct.FactProduct,Quartile,DimQuartile?,tesisproject.shared/Entities/Analytics/Dw/Facts/FactProduct.cs,40
legacy,BridgeProjectResearchCategory,DimResearchCategory,C-Users-marlo-source-repos-TesisProject.tesisproject.shared.Entities.Analytics.Dw.Bridges.BridgeProjectResearchCategory.BridgeProjectResearchCategory,ResearchCategory,DimResearchCategory,tesisproject.shared/Entities/Analytics/Dw/Bridges/BridgeProjectResearchCategory.cs,28
legacy,BridgeProjectResearchCategory,FactProject,C-Users-marlo-source-repos-TesisProject.tesisproject.shared.Entities.Analytics.Dw.Bridges.BridgeProjectResearchCategory.BridgeProjectResearchCategory,Project,FactProject,tesisproject.shared/Entities/Analytics/Dw/Bridges/BridgeProjectResearchCategory.cs,29
legacy,ConvocationRuleIndexing,ConvocationRule,C-Users-marlo-source-repos-TesisProject.tesisproject.shared.Entities.Core.ConvocationRuleIndexing.ConvocationRuleIndexing,ConvocationRule,ConvocationRule?,tesisproject.shared/Entities/Core/ConvocationRuleIndexing.cs,24
legacy,ConvocationRuleIndexing,IndexingSource,C-Users-marlo-source-repos-TesisProject.tesisproject.shared.Entities.Core.ConvocationRuleIndexing.ConvocationRuleIndexing,IndexingSource,IndexingSource?,tesisproject.shared/Entities/Core/ConvocationRuleIndexing.cs,25
legacy,BudgetTransaction,Budget,C-Users-marlo-source-repos-TesisProject.tesisproject.shared.Entities.Core.BudgetTransaction.BudgetTransaction,Budget,Budget,tesisproject.shared/Entities/Core/BudgetTransaction.cs,79
legacy,VisitIssue,Visit,C-Users-marlo-source-repos-TesisProject.tesisproject.shared.Entities.Core.VisitIssue.VisitIssue,Visit,Visit,tesisproject.shared/Entities/Core/VisitIssue.cs,51
legacy,ResearchCategoryGroup,ResearchCategoryType,C-Users-marlo-source-repos-TesisProject.tesisproject.shared.Entities.Catalogs.ResearchCategoryGroup.ResearchCategoryGroup,Types,ICollection<ResearchCategoryType>,tesisproject.shared/Entities/Catalogs/ResearchCategoryGroup.cs,12
legacy,Visit,Project,C-Users-marlo-source-repos-TesisProject.tesisproject.shared.Entities.Core.Visit.Visit,Project,Project,tesisproject.shared/Entities/Core/Visit.cs,52
legacy,Visit,Document,C-Users-marlo-source-repos-TesisProject.tesisproject.shared.Entities.Core.Visit.Visit,Document,Document?,tesisproject.shared/Entities/Core/Visit.cs,54
legacy,Visit,Document,C-Users-marlo-source-repos-TesisProject.tesisproject.shared.Entities.Core.Visit.Visit,FundingDocument,Document?,tesisproject.shared/Entities/Core/Visit.cs,55
legacy,Visit,Document,C-Users-marlo-source-repos-TesisProject.tesisproject.shared.Entities.Core.Visit.Visit,ProgressDocument,Document?,tesisproject.shared/Entities/Core/Visit.cs,56
legacy,Visit,VisitIssue,C-Users-marlo-source-repos-TesisProject.tesisproject.shared.Entities.Core.Visit.Visit,Issues,ICollection<VisitIssue>,tesisproject.shared/Entities/Core/Visit.cs,57
legacy,Visit,Product,C-Users-marlo-source-repos-TesisProject.tesisproject.shared.Entities.Core.Visit.Visit,Products,ICollection<Product>,tesisproject.shared/Entities/Core/Visit.cs,58
legacy,Visit,VisitObjectiveActivityProgress,C-Users-marlo-source-repos-TesisProject.tesisproject.shared.Entities.Core.Visit.Visit,ActivityProgresses,ICollection<VisitObjectiveActivityProgress>,tesisproject.shared/Entities/Core/Visit.cs,59
legacy,Product,ProductValue,C-Users-marlo-source-repos-TesisProject.tesisproject.shared.Entities.Core.Products.Product.Product,Values,ICollection<ProductValue>?,tesisproject.shared/Entities/Core/Products/Product.cs,47
legacy,Product,ProductAuthor,C-Users-marlo-source-repos-TesisProject.tesisproject.shared.Entities.Core.Products.Product.Product,Authors,ICollection<ProductAuthor>?,tesisproject.shared/Entities/Core/Products/Product.cs,48
legacy,Product,Project,C-Users-marlo-source-repos-TesisProject.tesisproject.shared.Entities.Core.Products.Product.Product,Project,Project?,tesisproject.shared/Entities/Core/Products/Product.cs,50
legacy,Product,Visit,C-Users-marlo-source-repos-TesisProject.tesisproject.shared.Entities.Core.Products.Product.Product,Visit,Visit?,tesisproject.shared/Entities/Core/Products/Product.cs,51
legacy,DimDate,FactProject,C-Users-marlo-source-repos-TesisProject.tesisproject.shared.Entities.Analytics.Dw.Dimensions.DimDate.DimDate,ApprovalProjects,ICollection<FactProject>,tesisproject.shared/Entities/Analytics/Dw/Dimensions/DimDate.cs,26
legacy,DimDate,FactProject,C-Users-marlo-source-repos-TesisProject.tesisproject.shared.Entities.Analytics.Dw.Dimensions.DimDate.DimDate,StartProjects,ICollection<FactProject>,tesisproject.shared/Entities/Analytics/Dw/Dimensions/DimDate.cs,27
legacy,DimDate,FactProject,C-Users-marlo-source-repos-TesisProject.tesisproject.shared.Entities.Analytics.Dw.Dimensions.DimDate.DimDate,EndProjects,ICollection<FactProject>,tesisproject.shared/Entities/Analytics/Dw/Dimensions/DimDate.cs,28
legacy,DimDate,FactBudget,C-Users-marlo-source-repos-TesisProject.tesisproject.shared.Entities.Analytics.Dw.Dimensions.DimDate.DimDate,ApprovedBudgets,ICollection<FactBudget>,tesisproject.shared/Entities/Analytics/Dw/Dimensions/DimDate.cs,30
legacy,DimDate,FactProduct,C-Users-marlo-source-repos-TesisProject.tesisproject.shared.Entities.Analytics.Dw.Dimensions.DimDate.DimDate,CreatedProducts,ICollection<FactProduct>,tesisproject.shared/Entities/Analytics/Dw/Dimensions/DimDate.cs,31
legacy,Project,Group,C-Users-marlo-source-repos-TesisProject.tesisproject.shared.Entities.Core.Project.Project,ProjectGroup,Group,tesisproject.shared/Entities/Core/Project.cs,75
legacy,Project,Budget,C-Users-marlo-source-repos-TesisProject.tesisproject.shared.Entities.Core.Project.Project,Budgets,ICollection<Budget>,tesisproject.shared/Entities/Core/Project.cs,76
legacy,Project,ProjectObjective,C-Users-marlo-source-repos-TesisProject.tesisproject.shared.Entities.Core.Project.Project,ProjectObjectives,ICollection<ProjectObjective>,tesisproject.shared/Entities/Core/Project.cs,77
legacy,Project,ExternalResearcherProject,C-Users-marlo-source-repos-TesisProject.tesisproject.shared.Entities.Core.Project.Project,ExternalResearcherProjects,ICollection<ExternalResearcherProject>,tesisproject.shared/Entities/Core/Project.cs,82
legacy,Project,Visit,C-Users-marlo-source-repos-TesisProject.tesisproject.shared.Entities.Core.Project.Project,Visits,ICollection<Visit>,tesisproject.shared/Entities/Core/Project.cs,83
legacy,Project,Product,C-Users-marlo-source-repos-TesisProject.tesisproject.shared.Entities.Core.Project.Project,Products,ICollection<Product>,tesisproject.shared/Entities/Core/Project.cs,84
legacy,Project,Convocation,C-Users-marlo-source-repos-TesisProject.tesisproject.shared.Entities.Core.Project.Project,Convocation,Convocation,tesisproject.shared/Entities/Core/Project.cs,85
legacy,Project,ProjectResearchCategory,C-Users-marlo-source-repos-TesisProject.tesisproject.shared.Entities.Core.Project.Project,ProjectResearchCategories,ICollection<ProjectResearchCategory>,tesisproject.shared/Entities/Core/Project.cs,86
legacy,Project,ProjectDocument,C-Users-marlo-source-repos-TesisProject.tesisproject.shared.Entities.Core.Project.Project,ProjectDocuments,ICollection<ProjectDocument>,tesisproject.shared/Entities/Core/Project.cs,89
legacy,Project,ProjectExtension,C-Users-marlo-source-repos-TesisProject.tesisproject.shared.Entities.Core.Project.Project,ProjectExtensions,ICollection<ProjectExtension>,tesisproject.shared/Entities/Core/Project.cs,90
legacy,ResearchCategory,ResearchCategoryType,C-Users-marlo-source-repos-TesisProject.tesisproject.shared.Entities.Catalogs.ResearchCategory.ResearchCategory,ResearchCategoryType,ResearchCategoryType,tesisproject.shared/Entities/Catalogs/ResearchCategory.cs,17
legacy,ResearchCategory,ResearchCategory,C-Users-marlo-source-repos-TesisProject.tesisproject.shared.Entities.Catalogs.ResearchCategory.ResearchCategory,ParentCategory,ResearchCategory?,tesisproject.shared/Entities/Catalogs/ResearchCategory.cs,24
legacy,ResearchCategory,ResearchCategory,C-Users-marlo-source-repos-TesisProject.tesisproject.shared.Entities.Catalogs.ResearchCategory.ResearchCategory,SubCategories,ICollection<ResearchCategory>,tesisproject.shared/Entities/Catalogs/ResearchCategory.cs,34
legacy,ResearchCategory,ProjectResearchCategory,C-Users-marlo-source-repos-TesisProject.tesisproject.shared.Entities.Catalogs.ResearchCategory.ResearchCategory,ProjectResearchCategories,ICollection<ProjectResearchCategory>,tesisproject.shared/Entities/Catalogs/ResearchCategory.cs,41
legacy,DimResearchCategory,BridgeProjectResearchCategory,C-Users-marlo-source-repos-TesisProject.tesisproject.shared.Entities.Analytics.Dw.Dimensions.DimResearchCategory.DimResearchCategory,ProjectLinks,ICollection<BridgeProjectResearchCategory>,tesisproject.shared/Entities/Analytics/Dw/Dimensions/DimResearchCategory.cs,34
legacy,FacultyScopeFaculty,FacultyScope,C-Users-marlo-source-repos-TesisProject.tesisproject.shared.Entities.Core.FacultyScopeFaculty.FacultyScopeFaculty,FacultyScope,FacultyScope,tesisproject.shared/Entities/Core/FacultyScopeFaculty.cs,17
legacy,ProductAttribute,ProductAttributeDefinition,C-Users-marlo-source-repos-TesisProject.tesisproject.shared.Entities.Catalogs.ProductAttribute.ProductAttribute,TypeDefinitions,ICollection<ProductAttributeDefinition>?,tesisproject.shared/Entities/Catalogs/ProductAttribute.cs,37
legacy,ProductAttribute,ProductValue,C-Users-marlo-source-repos-TesisProject.tesisproject.shared.Entities.Catalogs.ProductAttribute.ProductAttribute,Values,ICollection<ProductValue>?,tesisproject.shared/Entities/Catalogs/ProductAttribute.cs,42
legacy,ProjectResearchCategory,Project,C-Users-marlo-source-repos-TesisProject.tesisproject.shared.Entities.Core.ProjectResearchCategory.ProjectResearchCategory,Project,Project,tesisproject.shared/Entities/Core/ProjectResearchCategory.cs,15
legacy,ProjectResearchCategory,ResearchCategory,C-Users-marlo-source-repos-TesisProject.tesisproject.shared.Entities.Core.ProjectResearchCategory.ProjectResearchCategory,ResearchCategory,ResearchCategory,tesisproject.shared/Entities/Core/ProjectResearchCategory.cs,18
legacy,ExternalResearcher,Institution,C-Users-marlo-source-repos-TesisProject.tesisproject.shared.Entities.Core.ExternalResearcher.ExternalResearcher,Institution,Institution?,tesisproject.shared/Entities/Core/ExternalResearcher.cs,38
legacy,ExternalResearcher,ExternalResearcherProject,C-Users-marlo-source-repos-TesisProject.tesisproject.shared.Entities.Core.ExternalResearcher.ExternalResearcher,ExternalResearcherProjects,ICollection<ExternalResearcherProject>,tesisproject.shared/Entities/Core/ExternalResearcher.cs,43
legacy,Document,ProjectDocument,C-Users-marlo-source-repos-TesisProject.tesisproject.shared.Entities.Core.Document.Document,ProjectDocuments,ICollection<ProjectDocument>,tesisproject.shared/Entities/Core/Document.cs,44
legacy,Country,Institution,C-Users-marlo-source-repos-TesisProject.tesisproject.shared.Entities.Catalogs.Country.Country,Institutions,ICollection<Institution>?,tesisproject.shared/Entities/Catalogs/Country.cs,21
legacy,GroupMember,Group,C-Users-marlo-source-repos-TesisProject.tesisproject.shared.Entities.Core.GroupMember.GroupMember,Group,Group,tesisproject.shared/Entities/Core/GroupMember.cs,39
legacy,GroupMember,MemberRoleType,C-Users-marlo-source-repos-TesisProject.tesisproject.shared.Entities.Core.GroupMember.GroupMember,MemberRole,MemberRoleType?,tesisproject.shared/Entities/Core/GroupMember.cs,40
legacy,Convocation,ConvocationRule,C-Users-marlo-source-repos-TesisProject.tesisproject.shared.Entities.Core.Convocation.Convocation,Rules,ICollection<ConvocationRule>?,tesisproject.shared/Entities/Core/Convocation.cs,15
legacy,Convocation,Project,C-Users-marlo-source-repos-TesisProject.tesisproject.shared.Entities.Core.Convocation.Convocation,Projects,ICollection<Project>?,tesisproject.shared/Entities/Core/Convocation.cs,16
legacy,DimQuartile,FactProduct,C-Users-marlo-source-repos-TesisProject.tesisproject.shared.Entities.Analytics.Dw.Dimensions.DimQuartile.DimQuartile,Products,ICollection<FactProduct>,tesisproject.shared/Entities/Analytics/Dw/Dimensions/DimQuartile.cs,30
legacy,FacultyScope,FacultyScopeFaculty,C-Users-marlo-source-repos-TesisProject.tesisproject.shared.Entities.Core.FacultyScope.FacultyScope,Faculties,ICollection<FacultyScopeFaculty>,tesisproject.shared/Entities/Core/FacultyScope.cs,16
legacy,FacultyScope,UserFacultyScopeAssignment,C-Users-marlo-source-repos-TesisProject.tesisproject.shared.Entities.Core.FacultyScope.FacultyScope,UserAssignments,ICollection<UserFacultyScopeAssignment>,tesisproject.shared/Entities/Core/FacultyScope.cs,17
legacy,DimFundingType,FactBudget,C-Users-marlo-source-repos-TesisProject.tesisproject.shared.Entities.Analytics.Dw.Dimensions.DimFundingType.DimFundingType,Budgets,ICollection<FactBudget>,tesisproject.shared/Entities/Analytics/Dw/Dimensions/DimFundingType.cs,23
legacy,ProjectDocument,Project,C-Users-marlo-source-repos-TesisProject.tesisproject.shared.Entities.Core.ProjectDocument.ProjectDocument,Project,Project,tesisproject.shared/Entities/Core/ProjectDocument.cs,35
legacy,ProjectDocument,Document,C-Users-marlo-source-repos-TesisProject.tesisproject.shared.Entities.Core.ProjectDocument.ProjectDocument,Document,Document,tesisproject.shared/Entities/Core/ProjectDocument.cs,36
legacy,VisitObjectiveActivityProgress,Visit,C-Users-marlo-source-repos-TesisProject.tesisproject.shared.Entities.Core.VisitObjectiveActivityProgress.VisitObjectiveActivityProgress,Visit,Visit,tesisproject.shared/Entities/Core/VisitObjectiveActivityProgress.cs,22
legacy,VisitObjectiveActivityProgress,ObjectiveActivity,C-Users-marlo-source-repos-TesisProject.tesisproject.shared.Entities.Core.VisitObjectiveActivityProgress.VisitObjectiveActivityProgress,ObjectiveActivity,ObjectiveActivity,tesisproject.shared/Entities/Core/VisitObjectiveActivityProgress.cs,23
legacy,ResearchCategoryType,ResearchCategoryGroup,C-Users-marlo-source-repos-TesisProject.tesisproject.shared.Entities.Catalogs.ResearchCategoryType.ResearchCategoryType,ResearchCategoryGroup,ResearchCategoryGroup,tesisproject.shared/Entities/Catalogs/ResearchCategoryType.cs,13
legacy,ResearchCategoryType,ResearchCategory,C-Users-marlo-source-repos-TesisProject.tesisproject.shared.Entities.Catalogs.ResearchCategoryType.ResearchCategoryType,ResearchCategories,ICollection<ResearchCategory>,tesisproject.shared/Entities/Catalogs/ResearchCategoryType.cs,15
legacy,ProductAttributeDefinition,ProductAttribute,C-Users-marlo-source-repos-TesisProject.tesisproject.shared.Entities.Core.Products.ProductAttributeDefinition.ProductAttributeDefinition,ProductAttribute,ProductAttribute?,tesisproject.shared/Entities/Core/Products/ProductAttributeDefinition.cs,51
legacy,ProductAttributeDefinition,ProductValue,C-Users-marlo-source-repos-TesisProject.tesisproject.shared.Entities.Core.Products.ProductAttributeDefinition.ProductAttributeDefinition,ProductValues,ICollection<ProductValue>?,tesisproject.shared/Entities/Core/Products/ProductAttributeDefinition.cs,56
legacy,FactBudget,DimFaculty,C-Users-marlo-source-repos-TesisProject.tesisproject.shared.Entities.Analytics.Dw.Facts.FactBudget.FactBudget,Faculty,DimFaculty,tesisproject.shared/Entities/Analytics/Dw/Facts/FactBudget.cs,32
legacy,FactBudget,DimFundingType,C-Users-marlo-source-repos-TesisProject.tesisproject.shared.Entities.Analytics.Dw.Facts.FactBudget.FactBudget,FundingType,DimFundingType,tesisproject.shared/Entities/Analytics/Dw/Facts/FactBudget.cs,33
legacy,FactBudget,DimDate,C-Users-marlo-source-repos-TesisProject.tesisproject.shared.Entities.Analytics.Dw.Facts.FactBudget.FactBudget,ApprovedDate,DimDate,tesisproject.shared/Entities/Analytics/Dw/Facts/FactBudget.cs,35
legacy,ObjectiveActivity,ProjectObjective,C-Users-marlo-source-repos-TesisProject.tesisproject.shared.Entities.Core.ObjectiveActivity.ObjectiveActivity,Objective,ProjectObjective,tesisproject.shared/Entities/Core/ObjectiveActivity.cs,26
legacy,ObjectiveActivity,ObjectiveActivityUser,C-Users-marlo-source-repos-TesisProject.tesisproject.shared.Entities.Core.ObjectiveActivity.ObjectiveActivity,ResponsibleUsers,ICollection<ObjectiveActivityUser>,tesisproject.shared/Entities/Core/ObjectiveActivity.cs,27
legacy,ObjectiveActivity,VisitObjectiveActivityProgress,C-Users-marlo-source-repos-TesisProject.tesisproject.shared.Entities.Core.ObjectiveActivity.ObjectiveActivity,VisitProgresses,ICollection<VisitObjectiveActivityProgress>,tesisproject.shared/Entities/Core/ObjectiveActivity.cs,28
legacy,ProjectExtensionType,ProjectExtension,C-Users-marlo-source-repos-TesisProject.tesisproject.shared.Entities.Catalogs.ProjectExtensionType.ProjectExtensionType,ProjectExtensions,ICollection<ProjectExtension>,tesisproject.shared/Entities/Catalogs/ProjectExtensionType.cs,13
legacy,ExportField,ExportTemplateColumn,C-Users-marlo-source-repos-TesisProject.tesisproject.shared.Entities.Export.ExportField.ExportField,TemplateColumns,ICollection<ExportTemplateColumn>,tesisproject.shared/Entities/Export/ExportField.cs,66
legacy,FactProject,DimFaculty,C-Users-marlo-source-repos-TesisProject.tesisproject.shared.Entities.Analytics.Dw.Facts.FactProject.FactProject,Faculty,DimFaculty,tesisproject.shared/Entities/Analytics/Dw/Facts/FactProject.cs,34
legacy,FactProject,DimProjectState,C-Users-marlo-source-repos-TesisProject.tesisproject.shared.Entities.Analytics.Dw.Facts.FactProject.FactProject,ProjectState,DimProjectState,tesisproject.shared/Entities/Analytics/Dw/Facts/FactProject.cs,35
legacy,FactProject,DimDate,C-Users-marlo-source-repos-TesisProject.tesisproject.shared.Entities.Analytics.Dw.Facts.FactProject.FactProject,ApprovalDate,DimDate,tesisproject.shared/Entities/Analytics/Dw/Facts/FactProject.cs,37
legacy,FactProject,DimDate,C-Users-marlo-source-repos-TesisProject.tesisproject.shared.Entities.Analytics.Dw.Facts.FactProject.FactProject,StartDate,DimDate,tesisproject.shared/Entities/Analytics/Dw/Facts/FactProject.cs,40
legacy,FactProject,DimDate,C-Users-marlo-source-repos-TesisProject.tesisproject.shared.Entities.Analytics.Dw.Facts.FactProject.FactProject,EndDate,DimDate,tesisproject.shared/Entities/Analytics/Dw/Facts/FactProject.cs,43
legacy,ProjectObjective,Project,C-Users-marlo-source-repos-TesisProject.tesisproject.shared.Entities.Core.ProjectObjective.ProjectObjective,Project,Project,tesisproject.shared/Entities/Core/ProjectObjective.cs,42
legacy,ProjectObjective,ObjectiveActivity,C-Users-marlo-source-repos-TesisProject.tesisproject.shared.Entities.Core.ProjectObjective.ProjectObjective,Activities,ICollection<ObjectiveActivity>,tesisproject.shared/Entities/Core/ProjectObjective.cs,44
legacy,ExportTemplate,ExportTemplateColumn,C-Users-marlo-source-repos-TesisProject.tesisproject.shared.Entities.Export.ExportTemplate.ExportTemplate,Columns,ICollection<ExportTemplateColumn>,tesisproject.shared/Entities/Export/ExportTemplate.cs,48
legacy,DimFaculty,FactProject,C-Users-marlo-source-repos-TesisProject.tesisproject.shared.Entities.Analytics.Dw.Dimensions.DimFaculty.DimFaculty,Projects,ICollection<FactProject>,tesisproject.shared/Entities/Analytics/Dw/Dimensions/DimFaculty.cs,23
legacy,DimFaculty,FactBudget,C-Users-marlo-source-repos-TesisProject.tesisproject.shared.Entities.Analytics.Dw.Dimensions.DimFaculty.DimFaculty,Budgets,ICollection<FactBudget>,tesisproject.shared/Entities/Analytics/Dw/Dimensions/DimFaculty.cs,24
legacy,DimFaculty,FactProduct,C-Users-marlo-source-repos-TesisProject.tesisproject.shared.Entities.Analytics.Dw.Dimensions.DimFaculty.DimFaculty,Products,ICollection<FactProduct>,tesisproject.shared/Entities/Analytics/Dw/Dimensions/DimFaculty.cs,25
legacy,Budget,Project,C-Users-marlo-source-repos-TesisProject.tesisproject.shared.Entities.Core.Budget.Budget,Project,Project,tesisproject.shared/Entities/Core/Budget.cs,46
legacy,Budget,BudgetTransaction,C-Users-marlo-source-repos-TesisProject.tesisproject.shared.Entities.Core.Budget.Budget,Transactions,ICollection<BudgetTransaction>,tesisproject.shared/Entities/Core/Budget.cs,50
legacy,Group,GroupMember,C-Users-marlo-source-repos-TesisProject.tesisproject.shared.Entities.Core.Group.Group,Members,ICollection<GroupMember>,tesisproject.shared/Entities/Core/Group.cs,38
legacy,ProductAuthor,Product,C-Users-marlo-source-repos-TesisProject.tesisproject.shared.Entities.Core.Products.ProductAuthor.ProductAuthor,Product,Product?,tesisproject.shared/Entities/Core/Products/ProductAuthor.cs,38
legacy,DimProductType,FactProduct,C-Users-marlo-source-repos-TesisProject.tesisproject.shared.Entities.Analytics.Dw.Dimensions.DimProductType.DimProductType,Products,ICollection<FactProduct>,tesisproject.shared/Entities/Analytics/Dw/Dimensions/DimProductType.cs,23
unified,VisitObjectiveActivityProgress,Visit,C-Users-marlo-source-repos-TesisProject.tesisproject.backend.Data.UnifiedEntities.Core.VisitObjectiveActivityProgress.VisitObjectiveActivityProgress,Visit,Visit,tesisproject.backend/Data/UnifiedEntities/Core/VisitObjectiveActivityProgress.cs,22
unified,VisitObjectiveActivityProgress,ObjectiveActivity,C-Users-marlo-source-repos-TesisProject.tesisproject.backend.Data.UnifiedEntities.Core.VisitObjectiveActivityProgress.VisitObjectiveActivityProgress,ObjectiveActivity,ObjectiveActivity,tesisproject.backend/Data/UnifiedEntities/Core/VisitObjectiveActivityProgress.cs,23
unified,UserFacultyScopeAssignment,AppUser,C-Users-marlo-source-repos-TesisProject.tesisproject.backend.Data.UnifiedEntities.Core.UserFacultyScopeAssignment.UserFacultyScopeAssignment,User,AppUser,tesisproject.backend/Data/UnifiedEntities/Core/UserFacultyScopeAssignment.cs,18
unified,UserFacultyScopeAssignment,FacultyScope,C-Users-marlo-source-repos-TesisProject.tesisproject.backend.Data.UnifiedEntities.Core.UserFacultyScopeAssignment.UserFacultyScopeAssignment,FacultyScope,FacultyScope,tesisproject.backend/Data/UnifiedEntities/Core/UserFacultyScopeAssignment.cs,19
unified,PublicationStatus,Article,C-Users-marlo-source-repos-TesisProject.tesisproject.backend.Data.UnifiedEntities.Articles.PublicationStatus.PublicationStatus,Articles,ICollection<Article>,tesisproject.backend/Data/UnifiedEntities/Articles/PublicationStatus.cs,9
unified,Visit,Project,C-Users-marlo-source-repos-TesisProject.tesisproject.backend.Data.UnifiedEntities.Core.Visit.Visit,Project,Project,tesisproject.backend/Data/UnifiedEntities/Core/Visit.cs,52
unified,Visit,Document,C-Users-marlo-source-repos-TesisProject.tesisproject.backend.Data.UnifiedEntities.Core.Visit.Visit,Document,Document?,tesisproject.backend/Data/UnifiedEntities/Core/Visit.cs,54
unified,Visit,Document,C-Users-marlo-source-repos-TesisProject.tesisproject.backend.Data.UnifiedEntities.Core.Visit.Visit,FundingDocument,Document?,tesisproject.backend/Data/UnifiedEntities/Core/Visit.cs,55
unified,Visit,Document,C-Users-marlo-source-repos-TesisProject.tesisproject.backend.Data.UnifiedEntities.Core.Visit.Visit,ProgressDocument,Document?,tesisproject.backend/Data/UnifiedEntities/Core/Visit.cs,56
unified,Visit,VisitIssue,C-Users-marlo-source-repos-TesisProject.tesisproject.backend.Data.UnifiedEntities.Core.Visit.Visit,Issues,ICollection<VisitIssue>,tesisproject.backend/Data/UnifiedEntities/Core/Visit.cs,57
unified,Visit,Product,C-Users-marlo-source-repos-TesisProject.tesisproject.backend.Data.UnifiedEntities.Core.Visit.Visit,Products,ICollection<Product>,tesisproject.backend/Data/UnifiedEntities/Core/Visit.cs,58
unified,Visit,VisitObjectiveActivityProgress,C-Users-marlo-source-repos-TesisProject.tesisproject.backend.Data.UnifiedEntities.Core.Visit.Visit,ActivityProgresses,ICollection<VisitObjectiveActivityProgress>,tesisproject.backend/Data/UnifiedEntities/Core/Visit.cs,59
unified,ExportTemplate,ExportTemplateColumn,C-Users-marlo-source-repos-TesisProject.tesisproject.backend.Data.UnifiedEntities.Export.ExportTemplate.ExportTemplate,Columns,ICollection<ExportTemplateColumn>,tesisproject.backend/Data/UnifiedEntities/Export/ExportTemplate.cs,48
unified,ProductAttribute,ProductAttributeDefinition,C-Users-marlo-source-repos-TesisProject.tesisproject.backend.Data.UnifiedEntities.Catalogs.ProductAttribute.ProductAttribute,TypeDefinitions,ICollection<ProductAttributeDefinition>?,tesisproject.backend/Data/UnifiedEntities/Catalogs/ProductAttribute.cs,37
unified,Country,Institution,C-Users-marlo-source-repos-TesisProject.tesisproject.backend.Data.UnifiedEntities.Catalogs.Country.Country,Institutions,ICollection<Institution>?,tesisproject.backend/Data/UnifiedEntities/Catalogs/Country.cs,21
unified,AcademicTerm,Article,C-Users-marlo-source-repos-TesisProject.tesisproject.backend.Data.UnifiedEntities.Articles.AcademicTerm.AcademicTerm,Articles,ICollection<Article>,tesisproject.backend/Data/UnifiedEntities/Articles/AcademicTerm.cs,13
unified,Budget,Project,C-Users-marlo-source-repos-TesisProject.tesisproject.backend.Data.UnifiedEntities.Core.Budget.Budget,Project,Project,tesisproject.backend/Data/UnifiedEntities/Core/Budget.cs,46
unified,Budget,BudgetTransaction,C-Users-marlo-source-repos-TesisProject.tesisproject.backend.Data.UnifiedEntities.Core.Budget.Budget,Transactions,ICollection<BudgetTransaction>,tesisproject.backend/Data/UnifiedEntities/Core/Budget.cs,50
unified,VisitIssue,Visit,C-Users-marlo-source-repos-TesisProject.tesisproject.backend.Data.UnifiedEntities.Core.VisitIssue.VisitIssue,Visit,Visit,tesisproject.backend/Data/UnifiedEntities/Core/VisitIssue.cs,51
unified,ProductAuthor,Product,C-Users-marlo-source-repos-TesisProject.tesisproject.backend.Data.UnifiedEntities.Core.Products.ProductAuthor.ProductAuthor,Product,Product,tesisproject.backend/Data/UnifiedEntities/Core/Products/ProductAuthor.cs,9
unified,ProductAuthor,Author,C-Users-marlo-source-repos-TesisProject.tesisproject.backend.Data.UnifiedEntities.Core.Products.ProductAuthor.ProductAuthor,Author,Author,tesisproject.backend/Data/UnifiedEntities/Core/Products/ProductAuthor.cs,11
unified,ProductAuthor,ProductAuthorDynamicFieldValue,C-Users-marlo-source-repos-TesisProject.tesisproject.backend.Data.UnifiedEntities.Core.Products.ProductAuthor.ProductAuthor,DynamicFieldValues,ICollection<ProductAuthorDynamicFieldValue>,tesisproject.backend/Data/UnifiedEntities/Core/Products/ProductAuthor.cs,24
unified,FacultyScope,FacultyScopeFaculty,C-Users-marlo-source-repos-TesisProject.tesisproject.backend.Data.UnifiedEntities.Core.FacultyScope.FacultyScope,Faculties,ICollection<FacultyScopeFaculty>,tesisproject.backend/Data/UnifiedEntities/Core/FacultyScope.cs,16
unified,FacultyScope,UserFacultyScopeAssignment,C-Users-marlo-source-repos-TesisProject.tesisproject.backend.Data.UnifiedEntities.Core.FacultyScope.FacultyScope,UserAssignments,ICollection<UserFacultyScopeAssignment>,tesisproject.backend/Data/UnifiedEntities/Core/FacultyScope.cs,17
unified,FacultyScopeFaculty,FacultyScope,C-Users-marlo-source-repos-TesisProject.tesisproject.backend.Data.UnifiedEntities.Core.FacultyScopeFaculty.FacultyScopeFaculty,FacultyScope,FacultyScope,tesisproject.backend/Data/UnifiedEntities/Core/FacultyScopeFaculty.cs,17
unified,ResearchCategoryGroup,ResearchCategoryType,C-Users-marlo-source-repos-TesisProject.tesisproject.backend.Data.UnifiedEntities.Catalogs.ResearchCategoryGroup.ResearchCategoryGroup,Types,ICollection<ResearchCategoryType>,tesisproject.backend/Data/UnifiedEntities/Catalogs/ResearchCategoryGroup.cs,12
unified,BroadField,SpecificField,C-Users-marlo-source-repos-TesisProject.tesisproject.backend.Data.UnifiedEntities.Articles.BroadField.BroadField,SpecificFields,ICollection<SpecificField>,tesisproject.backend/Data/UnifiedEntities/Articles/BroadField.cs,9
unified,ObjectiveActivity,ProjectObjective,C-Users-marlo-source-repos-TesisProject.tesisproject.backend.Data.UnifiedEntities.Core.ObjectiveActivity.ObjectiveActivity,Objective,ProjectObjective,tesisproject.backend/Data/UnifiedEntities/Core/ObjectiveActivity.cs,26
unified,ObjectiveActivity,ObjectiveActivityUser,C-Users-marlo-source-repos-TesisProject.tesisproject.backend.Data.UnifiedEntities.Core.ObjectiveActivity.ObjectiveActivity,ResponsibleUsers,ICollection<ObjectiveActivityUser>,tesisproject.backend/Data/UnifiedEntities/Core/ObjectiveActivity.cs,27
unified,ObjectiveActivity,VisitObjectiveActivityProgress,C-Users-marlo-source-repos-TesisProject.tesisproject.backend.Data.UnifiedEntities.Core.ObjectiveActivity.ObjectiveActivity,VisitProgresses,ICollection<VisitObjectiveActivityProgress>,tesisproject.backend/Data/UnifiedEntities/Core/ObjectiveActivity.cs,28
unified,Convocation,ConvocationRule,C-Users-marlo-source-repos-TesisProject.tesisproject.backend.Data.UnifiedEntities.Core.Convocation.Convocation,Rules,ICollection<ConvocationRule>?,tesisproject.backend/Data/UnifiedEntities/Core/Convocation.cs,15
unified,Convocation,Project,C-Users-marlo-source-repos-TesisProject.tesisproject.backend.Data.UnifiedEntities.Core.Convocation.Convocation,Projects,ICollection<Project>?,tesisproject.backend/Data/UnifiedEntities/Core/Convocation.cs,16
unified,ExternalResearcherProject,ExternalResearcher,C-Users-marlo-source-repos-TesisProject.tesisproject.backend.Data.UnifiedEntities.Core.ExternalResearcherProject.ExternalResearcherProject,ExternalResearcher,ExternalResearcher,tesisproject.backend/Data/UnifiedEntities/Core/ExternalResearcherProject.cs,50
unified,ExternalResearcherProject,Project,C-Users-marlo-source-repos-TesisProject.tesisproject.backend.Data.UnifiedEntities.Core.ExternalResearcherProject.ExternalResearcherProject,Project,Project,tesisproject.backend/Data/UnifiedEntities/Core/ExternalResearcherProject.cs,51
unified,Product,Article,C-Users-marlo-source-repos-TesisProject.tesisproject.backend.Data.UnifiedEntities.Core.Products.Product.Product,Article,tesisproject.backend.Data.UnifiedEntities.Articles.Article?,tesisproject.backend/Data/UnifiedEntities/Core/Products/Product.cs,46
unified,Product,ProductValue,C-Users-marlo-source-repos-TesisProject.tesisproject.backend.Data.UnifiedEntities.Core.Products.Product.Product,Values,ICollection<ProductValue>?,tesisproject.backend/Data/UnifiedEntities/Core/Products/Product.cs,49
unified,Product,ProductAuthor,C-Users-marlo-source-repos-TesisProject.tesisproject.backend.Data.UnifiedEntities.Core.Products.Product.Product,Authors,ICollection<ProductAuthor>?,tesisproject.backend/Data/UnifiedEntities/Core/Products/Product.cs,50
unified,Product,Project,C-Users-marlo-source-repos-TesisProject.tesisproject.backend.Data.UnifiedEntities.Core.Products.Product.Product,Project,Project?,tesisproject.backend/Data/UnifiedEntities/Core/Products/Product.cs,52
unified,Product,Visit,C-Users-marlo-source-repos-TesisProject.tesisproject.backend.Data.UnifiedEntities.Core.Products.Product.Product,Visit,Visit?,tesisproject.backend/Data/UnifiedEntities/Core/Products/Product.cs,53
unified,ObjectiveActivityUser,ObjectiveActivity,C-Users-marlo-source-repos-TesisProject.tesisproject.backend.Data.UnifiedEntities.Core.ObjectiveActivityUser.ObjectiveActivityUser,ObjectiveActivity,ObjectiveActivity,tesisproject.backend/Data/UnifiedEntities/Core/ObjectiveActivityUser.cs,43
unified,ObjectiveActivityUser,Visit,C-Users-marlo-source-repos-TesisProject.tesisproject.backend.Data.UnifiedEntities.Core.ObjectiveActivityUser.ObjectiveActivityUser,Visit,Visit,tesisproject.backend/Data/UnifiedEntities/Core/ObjectiveActivityUser.cs,44
unified,FieldCatalogEntry,DynamicFieldOption,C-Users-marlo-source-repos-TesisProject.tesisproject.backend.Data.UnifiedEntities.Articles.FieldCatalogEntry.FieldCatalogEntry,Options,ICollection<DynamicFieldOption>,tesisproject.backend/Data/UnifiedEntities/Articles/FieldCatalogEntry.cs,33
unified,FieldCatalogEntry,FormFieldDefinition,C-Users-marlo-source-repos-TesisProject.tesisproject.backend.Data.UnifiedEntities.Articles.FieldCatalogEntry.FieldCatalogEntry,FormFields,ICollection<FormFieldDefinition>,tesisproject.backend/Data/UnifiedEntities/Articles/FieldCatalogEntry.cs,34
unified,ExportField,ExportTemplateColumn,C-Users-marlo-source-repos-TesisProject.tesisproject.backend.Data.UnifiedEntities.Export.ExportField.ExportField,TemplateColumns,ICollection<ExportTemplateColumn>,tesisproject.backend/Data/UnifiedEntities/Export/ExportField.cs,66
unified,ProductAttributeDefinition,ProductAttribute,C-Users-marlo-source-repos-TesisProject.tesisproject.backend.Data.UnifiedEntities.Core.Products.ProductAttributeDefinition.ProductAttributeDefinition,ProductAttribute,ProductAttribute?,tesisproject.backend/Data/UnifiedEntities/Core/Products/ProductAttributeDefinition.cs,51
unified,ProductAttributeDefinition,ProductValue,C-Users-marlo-source-repos-TesisProject.tesisproject.backend.Data.UnifiedEntities.Core.Products.ProductAttributeDefinition.ProductAttributeDefinition,ProductValues,ICollection<ProductValue>?,tesisproject.backend/Data/UnifiedEntities/Core/Products/ProductAttributeDefinition.cs,56
unified,DynamicFieldOption,FieldCatalogEntry,C-Users-marlo-source-repos-TesisProject.tesisproject.backend.Data.UnifiedEntities.Articles.DynamicFieldOption.DynamicFieldOption,Field,FieldCatalogEntry?,tesisproject.backend/Data/UnifiedEntities/Articles/DynamicFieldOption.cs,16
unified,ProductAuthorDynamicFieldValue,ProductAuthor,C-Users-marlo-source-repos-TesisProject.tesisproject.backend.Data.UnifiedEntities.Articles.ProductAuthorDynamicFieldValue.ProductAuthorDynamicFieldValue,ProductAuthor,ProductAuthor,tesisproject.backend/Data/UnifiedEntities/Articles/ProductAuthorDynamicFieldValue.cs,19
unified,ProductAuthorDynamicFieldValue,FieldCatalogEntry,C-Users-marlo-source-repos-TesisProject.tesisproject.backend.Data.UnifiedEntities.Articles.ProductAuthorDynamicFieldValue.ProductAuthorDynamicFieldValue,Field,FieldCatalogEntry?,tesisproject.backend/Data/UnifiedEntities/Articles/ProductAuthorDynamicFieldValue.cs,20
unified,Venue,Article,C-Users-marlo-source-repos-TesisProject.tesisproject.backend.Data.UnifiedEntities.Articles.Venue.Venue,Articles,ICollection<Article>,tesisproject.backend/Data/UnifiedEntities/Articles/Venue.cs,15
unified,Venue,VenueMetric,C-Users-marlo-source-repos-TesisProject.tesisproject.backend.Data.UnifiedEntities.Articles.Venue.Venue,VenueMetrics,ICollection<VenueMetric>,tesisproject.backend/Data/UnifiedEntities/Articles/Venue.cs,16
unified,Group,GroupMember,C-Users-marlo-source-repos-TesisProject.tesisproject.backend.Data.UnifiedEntities.Core.Group.Group,Members,ICollection<GroupMember>,tesisproject.backend/Data/UnifiedEntities/Core/Group.cs,38
unified,FormFieldDefinition,FormDefinition,C-Users-marlo-source-repos-TesisProject.tesisproject.backend.Data.UnifiedEntities.Articles.FormFieldDefinition.FormFieldDefinition,Form,FormDefinition?,tesisproject.backend/Data/UnifiedEntities/Articles/FormFieldDefinition.cs,19
unified,FormFieldDefinition,FieldCatalogEntry,C-Users-marlo-source-repos-TesisProject.tesisproject.backend.Data.UnifiedEntities.Articles.FormFieldDefinition.FormFieldDefinition,Field,FieldCatalogEntry?,tesisproject.backend/Data/UnifiedEntities/Articles/FormFieldDefinition.cs,20
unified,ProjectExtensionType,ProjectExtension,C-Users-marlo-source-repos-TesisProject.tesisproject.backend.Data.UnifiedEntities.Catalogs.ProjectExtensionType.ProjectExtensionType,ProjectExtensions,ICollection<ProjectExtension>,tesisproject.backend/Data/UnifiedEntities/Catalogs/ProjectExtensionType.cs,13
unified,ProjectExtension,Project,C-Users-marlo-source-repos-TesisProject.tesisproject.backend.Data.UnifiedEntities.Core.ProjectExtension.ProjectExtension,Project,Project,tesisproject.backend/Data/UnifiedEntities/Core/ProjectExtension.cs,36
unified,ProjectExtension,Document,C-Users-marlo-source-repos-TesisProject.tesisproject.backend.Data.UnifiedEntities.Core.ProjectExtension.ProjectExtension,Document,Document?,tesisproject.backend/Data/UnifiedEntities/Core/ProjectExtension.cs,37
unified,ProjectExtension,ProjectExtensionType,C-Users-marlo-source-repos-TesisProject.tesisproject.backend.Data.UnifiedEntities.Core.ProjectExtension.ProjectExtension,ProjectExtensionType,ProjectExtensionType?,tesisproject.backend/Data/UnifiedEntities/Core/ProjectExtension.cs,38
unified,ExportTemplateColumn,ExportTemplate,C-Users-marlo-source-repos-TesisProject.tesisproject.backend.Data.UnifiedEntities.Export.ExportTemplateColumn.ExportTemplateColumn,Template,ExportTemplate,tesisproject.backend/Data/UnifiedEntities/Export/ExportTemplateColumn.cs,62
unified,ExportTemplateColumn,ExportField,C-Users-marlo-source-repos-TesisProject.tesisproject.backend.Data.UnifiedEntities.Export.ExportTemplateColumn.ExportTemplateColumn,ExportField,ExportField,tesisproject.backend/Data/UnifiedEntities/Export/ExportTemplateColumn.cs,65
unified,Document,ProjectDocument,C-Users-marlo-source-repos-TesisProject.tesisproject.backend.Data.UnifiedEntities.Core.Document.Document,ProjectDocuments,ICollection<ProjectDocument>,tesisproject.backend/Data/UnifiedEntities/Core/Document.cs,44
unified,BudgetTransaction,Budget,C-Users-marlo-source-repos-TesisProject.tesisproject.backend.Data.UnifiedEntities.Core.BudgetTransaction.BudgetTransaction,Budget,Budget,tesisproject.backend/Data/UnifiedEntities/Core/BudgetTransaction.cs,79
unified,RegistrationMatrix,RegistrationMatrixColumn,C-Users-marlo-source-repos-TesisProject.tesisproject.backend.Data.UnifiedEntities.Articles.RegistrationMatrix.RegistrationMatrix,Columns,ICollection<RegistrationMatrixColumn>,tesisproject.backend/Data/UnifiedEntities/Articles/RegistrationMatrix.cs,17
unified,RegistrationMatrix,RegistrationMatrixRow,C-Users-marlo-source-repos-TesisProject.tesisproject.backend.Data.UnifiedEntities.Articles.RegistrationMatrix.RegistrationMatrix,Rows,ICollection<RegistrationMatrixRow>,tesisproject.backend/Data/UnifiedEntities/Articles/RegistrationMatrix.cs,18
unified,RegistrationMatrixColumn,RegistrationMatrix,C-Users-marlo-source-repos-TesisProject.tesisproject.backend.Data.UnifiedEntities.Articles.RegistrationMatrix.RegistrationMatrixColumn,Matrix,RegistrationMatrix?,tesisproject.backend/Data/UnifiedEntities/Articles/RegistrationMatrix.cs,25
unified,RegistrationMatrixColumn,FieldCatalogEntry,C-Users-marlo-source-repos-TesisProject.tesisproject.backend.Data.UnifiedEntities.Articles.RegistrationMatrix.RegistrationMatrixColumn,Field,FieldCatalogEntry?,tesisproject.backend/Data/UnifiedEntities/Articles/RegistrationMatrix.cs,27
unified,RegistrationMatrixRow,RegistrationMatrix,C-Users-marlo-source-repos-TesisProject.tesisproject.backend.Data.UnifiedEntities.Articles.RegistrationMatrix.RegistrationMatrixRow,Matrix,RegistrationMatrix?,tesisproject.backend/Data/UnifiedEntities/Articles/RegistrationMatrix.cs,37
unified,RegistrationMatrixRow,RegistrationMatrixCell,C-Users-marlo-source-repos-TesisProject.tesisproject.backend.Data.UnifiedEntities.Articles.RegistrationMatrix.RegistrationMatrixRow,Cells,ICollection<RegistrationMatrixCell>,tesisproject.backend/Data/UnifiedEntities/Articles/RegistrationMatrix.cs,42
unified,RegistrationMatrixCell,RegistrationMatrixRow,C-Users-marlo-source-repos-TesisProject.tesisproject.backend.Data.UnifiedEntities.Articles.RegistrationMatrix.RegistrationMatrixCell,Row,RegistrationMatrixRow?,tesisproject.backend/Data/UnifiedEntities/Articles/RegistrationMatrix.cs,49
unified,RegistrationMatrixCell,FieldCatalogEntry,C-Users-marlo-source-repos-TesisProject.tesisproject.backend.Data.UnifiedEntities.Articles.RegistrationMatrix.RegistrationMatrixCell,Field,FieldCatalogEntry?,tesisproject.backend/Data/UnifiedEntities/Articles/RegistrationMatrix.cs,51
unified,DynamicFieldValue,Article,C-Users-marlo-source-repos-TesisProject.tesisproject.backend.Data.UnifiedEntities.Articles.DynamicFieldValue.DynamicFieldValue,Article,Article,tesisproject.backend/Data/UnifiedEntities/Articles/DynamicFieldValue.cs,17
unified,DynamicFieldValue,FieldCatalogEntry,C-Users-marlo-source-repos-TesisProject.tesisproject.backend.Data.UnifiedEntities.Articles.DynamicFieldValue.DynamicFieldValue,Field,FieldCatalogEntry?,tesisproject.backend/Data/UnifiedEntities/Articles/DynamicFieldValue.cs,18
unified,FormDefinition,FormFieldDefinition,C-Users-marlo-source-repos-TesisProject.tesisproject.backend.Data.UnifiedEntities.Articles.FormDefinition.FormDefinition,Fields,ICollection<FormFieldDefinition>,tesisproject.backend/Data/UnifiedEntities/Articles/FormDefinition.cs,17
unified,DetailedField,SpecificField,C-Users-marlo-source-repos-TesisProject.tesisproject.backend.Data.UnifiedEntities.Articles.DetailedField.DetailedField,SpecificField,SpecificField,tesisproject.backend/Data/UnifiedEntities/Articles/DetailedField.cs,9
unified,ResearchLine,Article,C-Users-marlo-source-repos-TesisProject.tesisproject.backend.Data.UnifiedEntities.Articles.ResearchLine.ResearchLine,Articles,ICollection<Article>,tesisproject.backend/Data/UnifiedEntities/Articles/ResearchLine.cs,9
unified,ProjectObjective,Project,C-Users-marlo-source-repos-TesisProject.tesisproject.backend.Data.UnifiedEntities.Core.ProjectObjective.ProjectObjective,Project,Project,tesisproject.backend/Data/UnifiedEntities/Core/ProjectObjective.cs,42
unified,ProjectObjective,ObjectiveActivity,C-Users-marlo-source-repos-TesisProject.tesisproject.backend.Data.UnifiedEntities.Core.ProjectObjective.ProjectObjective,Activities,ICollection<ObjectiveActivity>,tesisproject.backend/Data/UnifiedEntities/Core/ProjectObjective.cs,44
unified,Author,AppUser,C-Users-marlo-source-repos-TesisProject.tesisproject.backend.Data.UnifiedEntities.Authors.Author.Author,AppUser,AppUser?,tesisproject.backend/Data/UnifiedEntities/Authors/Author.cs,10
unified,Author,ExternalResearcher,C-Users-marlo-source-repos-TesisProject.tesisproject.backend.Data.UnifiedEntities.Authors.Author.Author,ExternalResearcher,ExternalResearcher?,tesisproject.backend/Data/UnifiedEntities/Authors/Author.cs,12
unified,Author,ProductAuthor,C-Users-marlo-source-repos-TesisProject.tesisproject.backend.Data.UnifiedEntities.Authors.Author.Author,Products,ICollection<ProductAuthor>,tesisproject.backend/Data/UnifiedEntities/Authors/Author.cs,16
unified,ProjectResearchCategory,Project,C-Users-marlo-source-repos-TesisProject.tesisproject.backend.Data.UnifiedEntities.Core.ProjectResearchCategory.ProjectResearchCategory,Project,Project,tesisproject.backend/Data/UnifiedEntities/Core/ProjectResearchCategory.cs,15
unified,ProjectResearchCategory,ResearchCategory,C-Users-marlo-source-repos-TesisProject.tesisproject.backend.Data.UnifiedEntities.Core.ProjectResearchCategory.ProjectResearchCategory,ResearchCategory,ResearchCategory,tesisproject.backend/Data/UnifiedEntities/Core/ProjectResearchCategory.cs,18
unified,ExternalResearcher,Institution,C-Users-marlo-source-repos-TesisProject.tesisproject.backend.Data.UnifiedEntities.Core.ExternalResearcher.ExternalResearcher,Institution,Institution?,tesisproject.backend/Data/UnifiedEntities/Core/ExternalResearcher.cs,38
unified,ExternalResearcher,ExternalResearcherProject,C-Users-marlo-source-repos-TesisProject.tesisproject.backend.Data.UnifiedEntities.Core.ExternalResearcher.ExternalResearcher,ExternalResearcherProjects,ICollection<ExternalResearcherProject>,tesisproject.backend/Data/UnifiedEntities/Core/ExternalResearcher.cs,43
unified,ConvocationRuleIndexing,ConvocationRule,C-Users-marlo-source-repos-TesisProject.tesisproject.backend.Data.UnifiedEntities.Core.ConvocationRuleIndexing.ConvocationRuleIndexing,ConvocationRule,ConvocationRule?,tesisproject.backend/Data/UnifiedEntities/Core/ConvocationRuleIndexing.cs,24
unified,ConvocationRuleIndexing,IndexingSource,C-Users-marlo-source-repos-TesisProject.tesisproject.backend.Data.UnifiedEntities.Core.ConvocationRuleIndexing.ConvocationRuleIndexing,IndexingSource,IndexingSource?,tesisproject.backend/Data/UnifiedEntities/Core/ConvocationRuleIndexing.cs,25
unified,ProductValue,Product,C-Users-marlo-source-repos-TesisProject.tesisproject.backend.Data.UnifiedEntities.Core.Products.ProductValue.ProductValue,Product,Product?,tesisproject.backend/Data/UnifiedEntities/Core/Products/ProductValue.cs,49
unified,ProductValue,ProductAttributeDefinition,C-Users-marlo-source-repos-TesisProject.tesisproject.backend.Data.UnifiedEntities.Core.Products.ProductValue.ProductValue,AttributeDefinition,ProductAttributeDefinition?,tesisproject.backend/Data/UnifiedEntities/Core/Products/ProductValue.cs,50
unified,Institution,Country,C-Users-marlo-source-repos-TesisProject.tesisproject.backend.Data.UnifiedEntities.Catalogs.Institution.Institution,Country,Country?,tesisproject.backend/Data/UnifiedEntities/Catalogs/Institution.cs,20
unified,Project,Group,C-Users-marlo-source-repos-TesisProject.tesisproject.backend.Data.UnifiedEntities.Core.Project.Project,ProjectGroup,Group,tesisproject.backend/Data/UnifiedEntities/Core/Project.cs,75
unified,Project,Budget,C-Users-marlo-source-repos-TesisProject.tesisproject.backend.Data.UnifiedEntities.Core.Project.Project,Budgets,ICollection<Budget>,tesisproject.backend/Data/UnifiedEntities/Core/Project.cs,76
unified,Project,ProjectObjective,C-Users-marlo-source-repos-TesisProject.tesisproject.backend.Data.UnifiedEntities.Core.Project.Project,ProjectObjectives,ICollection<ProjectObjective>,tesisproject.backend/Data/UnifiedEntities/Core/Project.cs,77
unified,Project,ExternalResearcherProject,C-Users-marlo-source-repos-TesisProject.tesisproject.backend.Data.UnifiedEntities.Core.Project.Project,ExternalResearcherProjects,ICollection<ExternalResearcherProject>,tesisproject.backend/Data/UnifiedEntities/Core/Project.cs,82
unified,Project,Visit,C-Users-marlo-source-repos-TesisProject.tesisproject.backend.Data.UnifiedEntities.Core.Project.Project,Visits,ICollection<Visit>,tesisproject.backend/Data/UnifiedEntities/Core/Project.cs,83
unified,Project,Product,C-Users-marlo-source-repos-TesisProject.tesisproject.backend.Data.UnifiedEntities.Core.Project.Project,Products,ICollection<Product>,tesisproject.backend/Data/UnifiedEntities/Core/Project.cs,84
unified,Project,Convocation,C-Users-marlo-source-repos-TesisProject.tesisproject.backend.Data.UnifiedEntities.Core.Project.Project,Convocation,Convocation,tesisproject.backend/Data/UnifiedEntities/Core/Project.cs,85
unified,Project,ProjectResearchCategory,C-Users-marlo-source-repos-TesisProject.tesisproject.backend.Data.UnifiedEntities.Core.Project.Project,ProjectResearchCategories,ICollection<ProjectResearchCategory>,tesisproject.backend/Data/UnifiedEntities/Core/Project.cs,86
unified,Project,ProjectDocument,C-Users-marlo-source-repos-TesisProject.tesisproject.backend.Data.UnifiedEntities.Core.Project.Project,ProjectDocuments,ICollection<ProjectDocument>,tesisproject.backend/Data/UnifiedEntities/Core/Project.cs,89
unified,Project,ProjectExtension,C-Users-marlo-source-repos-TesisProject.tesisproject.backend.Data.UnifiedEntities.Core.Project.Project,ProjectExtensions,ICollection<ProjectExtension>,tesisproject.backend/Data/UnifiedEntities/Core/Project.cs,90
unified,Article,Product,C-Users-marlo-source-repos-TesisProject.tesisproject.backend.Data.UnifiedEntities.Articles.Article.Article,Product,Product,tesisproject.backend/Data/UnifiedEntities/Articles/Article.cs,8
unified,Article,Venue,C-Users-marlo-source-repos-TesisProject.tesisproject.backend.Data.UnifiedEntities.Articles.Article.Article,Venue,Venue?,tesisproject.backend/Data/UnifiedEntities/Articles/Article.cs,23
unified,Article,AcademicTerm,C-Users-marlo-source-repos-TesisProject.tesisproject.backend.Data.UnifiedEntities.Articles.Article.Article,AcademicTerm,AcademicTerm?,tesisproject.backend/Data/UnifiedEntities/Articles/Article.cs,25
unified,Article,PublicationStatus,C-Users-marlo-source-repos-TesisProject.tesisproject.backend.Data.UnifiedEntities.Articles.Article.Article,PublicationStatus,PublicationStatus?,tesisproject.backend/Data/UnifiedEntities/Articles/Article.cs,27
unified,Article,ResearchLine,C-Users-marlo-source-repos-TesisProject.tesisproject.backend.Data.UnifiedEntities.Articles.Article.Article,ResearchLine,ResearchLine?,tesisproject.backend/Data/UnifiedEntities/Articles/Article.cs,29
unified,Article,BroadField,C-Users-marlo-source-repos-TesisProject.tesisproject.backend.Data.UnifiedEntities.Articles.Article.Article,BroadField,BroadField?,tesisproject.backend/Data/UnifiedEntities/Articles/Article.cs,31
unified,Article,SpecificField,C-Users-marlo-source-repos-TesisProject.tesisproject.backend.Data.UnifiedEntities.Articles.Article.Article,SpecificField,SpecificField?,tesisproject.backend/Data/UnifiedEntities/Articles/Article.cs,33
unified,Article,DetailedField,C-Users-marlo-source-repos-TesisProject.tesisproject.backend.Data.UnifiedEntities.Articles.Article.Article,DetailedField,DetailedField?,tesisproject.backend/Data/UnifiedEntities/Articles/Article.cs,35
unified,Article,Faculty,C-Users-marlo-source-repos-TesisProject.tesisproject.backend.Data.UnifiedEntities.Articles.Article.Article,Faculty,Faculty?,tesisproject.backend/Data/UnifiedEntities/Articles/Article.cs,37
unified,Article,ArticleIndexing,C-Users-marlo-source-repos-TesisProject.tesisproject.backend.Data.UnifiedEntities.Articles.Article.Article,Indexings,ICollection<ArticleIndexing>,tesisproject.backend/Data/UnifiedEntities/Articles/Article.cs,39
unified,Article,ArticleFile,C-Users-marlo-source-repos-TesisProject.tesisproject.backend.Data.UnifiedEntities.Articles.Article.Article,Files,ICollection<ArticleFile>,tesisproject.backend/Data/UnifiedEntities/Articles/Article.cs,40
unified,Article,DynamicFieldValue,C-Users-marlo-source-repos-TesisProject.tesisproject.backend.Data.UnifiedEntities.Articles.Article.Article,DynamicFieldValues,ICollection<DynamicFieldValue>,tesisproject.backend/Data/UnifiedEntities/Articles/Article.cs,41
unified,ResearchCategory,ResearchCategoryType,C-Users-marlo-source-repos-TesisProject.tesisproject.backend.Data.UnifiedEntities.Catalogs.ResearchCategory.ResearchCategory,ResearchCategoryType,ResearchCategoryType,tesisproject.backend/Data/UnifiedEntities/Catalogs/ResearchCategory.cs,17
unified,ResearchCategory,ResearchCategory,C-Users-marlo-source-repos-TesisProject.tesisproject.backend.Data.UnifiedEntities.Catalogs.ResearchCategory.ResearchCategory,ParentCategory,ResearchCategory?,tesisproject.backend/Data/UnifiedEntities/Catalogs/ResearchCategory.cs,24
unified,ResearchCategory,ResearchCategory,C-Users-marlo-source-repos-TesisProject.tesisproject.backend.Data.UnifiedEntities.Catalogs.ResearchCategory.ResearchCategory,SubCategories,ICollection<ResearchCategory>,tesisproject.backend/Data/UnifiedEntities/Catalogs/ResearchCategory.cs,34
unified,ResearchCategory,ProjectResearchCategory,C-Users-marlo-source-repos-TesisProject.tesisproject.backend.Data.UnifiedEntities.Catalogs.ResearchCategory.ResearchCategory,ProjectResearchCategories,ICollection<ProjectResearchCategory>,tesisproject.backend/Data/UnifiedEntities/Catalogs/ResearchCategory.cs,41
unified,ArticleFile,Article,C-Users-marlo-source-repos-TesisProject.tesisproject.backend.Data.UnifiedEntities.Articles.ArticleFile.ArticleFile,Article,Article,tesisproject.backend/Data/UnifiedEntities/Articles/ArticleFile.cs,9
unified,ConvocationRule,Convocation,C-Users-marlo-source-repos-TesisProject.tesisproject.backend.Data.UnifiedEntities.Core.ConvocationRule.ConvocationRule,Convocation,Convocation?,tesisproject.backend/Data/UnifiedEntities/Core/ConvocationRule.cs,18
unified,ConvocationRule,ConvocationRuleIndexing,C-Users-marlo-source-repos-TesisProject.tesisproject.backend.Data.UnifiedEntities.Core.ConvocationRule.ConvocationRule,AllowedIndexings,ICollection<ConvocationRuleIndexing>?,tesisproject.backend/Data/UnifiedEntities/Core/ConvocationRule.cs,29
unified,SpecificField,BroadField,C-Users-marlo-source-repos-TesisProject.tesisproject.backend.Data.UnifiedEntities.Articles.SpecificField.SpecificField,BroadField,BroadField,tesisproject.backend/Data/UnifiedEntities/Articles/SpecificField.cs,9
unified,SpecificField,DetailedField,C-Users-marlo-source-repos-TesisProject.tesisproject.backend.Data.UnifiedEntities.Articles.SpecificField.SpecificField,DetailedFields,ICollection<DetailedField>,tesisproject.backend/Data/UnifiedEntities/Articles/SpecificField.cs,12
unified,VenueMetric,Venue,C-Users-marlo-source-repos-TesisProject.tesisproject.backend.Data.UnifiedEntities.Articles.VenueMetric.VenueMetric,Venue,Venue,tesisproject.backend/Data/UnifiedEntities/Articles/VenueMetric.cs,11
unified,ArticleIndexing,Article,C-Users-marlo-source-repos-TesisProject.tesisproject.backend.Data.UnifiedEntities.Articles.ArticleIndexing.ArticleIndexing,Article,Article,tesisproject.backend/Data/UnifiedEntities/Articles/ArticleIndexing.cs,8
unified,ArticleIndexing,IndexingSource,C-Users-marlo-source-repos-TesisProject.tesisproject.backend.Data.UnifiedEntities.Articles.ArticleIndexing.ArticleIndexing,IndexingSource,IndexingSource,tesisproject.backend/Data/UnifiedEntities/Articles/ArticleIndexing.cs,10
unified,GroupMember,Group,C-Users-marlo-source-repos-TesisProject.tesisproject.backend.Data.UnifiedEntities.Core.GroupMember.GroupMember,Group,Group,tesisproject.backend/Data/UnifiedEntities/Core/GroupMember.cs,39
unified,GroupMember,MemberRoleType,C-Users-marlo-source-repos-TesisProject.tesisproject.backend.Data.UnifiedEntities.Core.GroupMember.GroupMember,MemberRole,MemberRoleType?,tesisproject.backend/Data/UnifiedEntities/Core/GroupMember.cs,40
unified,ProjectDocument,Project,C-Users-marlo-source-repos-TesisProject.tesisproject.backend.Data.UnifiedEntities.Core.ProjectDocument.ProjectDocument,Project,Project,tesisproject.backend/Data/UnifiedEntities/Core/ProjectDocument.cs,35
unified,ProjectDocument,Document,C-Users-marlo-source-repos-TesisProject.tesisproject.backend.Data.UnifiedEntities.Core.ProjectDocument.ProjectDocument,Document,Document,tesisproject.backend/Data/UnifiedEntities/Core/ProjectDocument.cs,36
unified,ResearchCategoryType,ResearchCategoryGroup,C-Users-marlo-source-repos-TesisProject.tesisproject.backend.Data.UnifiedEntities.Catalogs.ResearchCategoryType.ResearchCategoryType,ResearchCategoryGroup,ResearchCategoryGroup,tesisproject.backend/Data/UnifiedEntities/Catalogs/ResearchCategoryType.cs,13
unified,ResearchCategoryType,ResearchCategory,C-Users-marlo-source-repos-TesisProject.tesisproject.backend.Data.UnifiedEntities.Catalogs.ResearchCategoryType.ResearchCategoryType,ResearchCategories,ICollection<ResearchCategory>,tesisproject.backend/Data/UnifiedEntities/Catalogs/ResearchCategoryType.cs,15
unified,Faculty,Article,C-Users-marlo-source-repos-TesisProject.tesisproject.backend.Data.UnifiedEntities.Articles.Faculty.Faculty,Articles,ICollection<Article>,tesisproject.backend/Data/UnifiedEntities/Articles/Faculty.cs,21
